-- phpMyAdmin SQL Dump
-- version 3.3.2deb1ubuntu1
-- http://www.phpmyadmin.net
--
-- Host: localhost
-- Generation Time: Nov 06, 2012 at 05:23 PM
-- Server version: 5.1.62
-- PHP Version: 5.3.2-1ubuntu4.15

SET SQL_MODE="NO_AUTO_VALUE_ON_ZERO";


/*!40101 SET @OLD_CHARACTER_SET_CLIENT=@@CHARACTER_SET_CLIENT */;
/*!40101 SET @OLD_CHARACTER_SET_RESULTS=@@CHARACTER_SET_RESULTS */;
/*!40101 SET @OLD_COLLATION_CONNECTION=@@COLLATION_CONNECTION */;
/*!40101 SET NAMES utf8 */;

--
-- Database: `querifier`
--

-- --------------------------------------------------------

--
-- Table structure for table `assignment`
--

CREATE TABLE IF NOT EXISTS `assignment` (
  `assgn_ID` int(10) NOT NULL AUTO_INCREMENT,
  `num_ques` int(10) NOT NULL,
  `mode` set('learning','grading') NOT NULL,
  `deadline` timestamp NULL DEFAULT NULL,
  `post_time` timestamp NOT NULL DEFAULT CURRENT_TIMESTAMP ON UPDATE CURRENT_TIMESTAMP,
  `name` varchar(100) NOT NULL,
  PRIMARY KEY (`assgn_ID`)
) ENGINE=MyISAM  DEFAULT CHARSET=latin1 AUTO_INCREMENT=13 ;

--
-- Dumping data for table `assignment`
--

INSERT INTO `assignment` (`assgn_ID`, `num_ques`, `mode`, `deadline`, `post_time`, `name`) VALUES
(1, 3, 'grading', '2012-12-05 02:53:09', '2012-11-06 08:04:11', 'Assignment'),
(2, 5, 'learning', '2012-12-07 00:40:01', '2012-11-06 08:04:11', 'Assignment'),
(3, 1, 'grading', '2012-12-10 06:06:01', '2012-11-06 08:04:11', 'Assignment'),
(4, 3, 'grading', '2012-12-12 06:57:56', '2012-11-06 08:04:11', 'Assignment'),
(5, 5, 'learning', '2012-12-14 00:40:56', '2012-11-06 08:04:11', 'Assignment'),
(6, 4, 'learning', '2012-12-16 01:08:50', '2012-11-06 08:04:11', 'Assignment'),
(7, 1, 'learning', '2012-12-17 03:07:55', '2012-11-06 08:04:11', 'Assignment'),
(8, 2, 'learning', '2012-12-18 06:52:13', '2012-11-06 08:04:11', 'Assignment'),
(9, 3, 'learning', '2012-11-06 17:13:16', '2012-11-06 17:13:16', 'Assignment'),
(10, 2, 'grading', '2012-12-20 00:32:38', '2012-11-06 08:04:11', 'Assignment'),
(11, 2, 'learning', '2012-12-21 06:16:27', '2012-11-06 08:04:11', 'Assignment'),
(12, 1, 'learning', '2012-11-06 17:13:35', '2012-11-06 17:13:35', 'Assignment');

-- --------------------------------------------------------

--
-- Table structure for table `db`
--

CREATE TABLE IF NOT EXISTS `db` (
  `host` varchar(30) NOT NULL,
  `db_ID` int(11) NOT NULL AUTO_INCREMENT,
  `username` varchar(20) NOT NULL,
  `password` varchar(20) NOT NULL,
  `db_name` varchar(20) NOT NULL,
  PRIMARY KEY (`db_ID`)
) ENGINE=MyISAM  DEFAULT CHARSET=latin1 AUTO_INCREMENT=4 ;

--
-- Dumping data for table `db`
--

INSERT INTO `db` (`host`, `db_ID`, `username`, `password`, `db_name`) VALUES
('10.105.11.85', 1, 'amanmangal', 'amanmangal*', 'university'),
('10.105.11.85', 2, 'amanmangal', 'amanmangal*', 'DB1_100050015'),
('10.105.11.85', 3, 'amanmangal', 'amanmangal*', 'DB_querifier');

-- --------------------------------------------------------

--
-- Table structure for table `news`
--

CREATE TABLE IF NOT EXISTS `news` (
  `news_ID` int(10) NOT NULL,
  `reply_ID` int(10) NOT NULL,
  `ID` int(10) NOT NULL,
  `sub` varchar(100) NOT NULL,
  `time` timestamp NOT NULL DEFAULT CURRENT_TIMESTAMP,
  `content` text NOT NULL,
  PRIMARY KEY (`news_ID`,`reply_ID`),
  FOREIGN KEY (`ID`) REFERENCES user(`ID`)
) ENGINE=MyISAM DEFAULT CHARSET=latin1;

--
-- Dumping data for table `news`
--

INSERT INTO `news` (`news_ID`, `reply_ID`, `ID`, `sub`, `time`, `content`) VALUES
(1, 0, 34, 'Welcome to Querifier!', '2012-11-06 17:18:40', 'You are all welcome to querifier!\r\nEnjoy the ride :)\r\n\r\nAman'),
(1, 1, 234, 'Re: Welcome to Querifier', '2012-11-06 17:19:23', 'thank you!\r\nhoping for a good discussion here!'),
(2, 0, 89, 'Assignments are up', '2012-11-06 17:19:56', 'all the assignments are up!\r\nbest of luck!');

-- --------------------------------------------------------

--
-- Table structure for table `performance`
--

CREATE TABLE IF NOT EXISTS `performance` (
  `ID` int(10) NOT NULL,
  `assgn_ID` int(10) NOT NULL,
  `grade` int(11) NOT NULL,
  `time` timestamp NOT NULL DEFAULT CURRENT_TIMESTAMP ON UPDATE CURRENT_TIMESTAMP,
  PRIMARY KEY (`ID`,`assgn_ID`),
  FOREIGN KEY (`ID`) REFERENCES user(`ID`),
  FOREIGN KEY (`assgn_ID`) REFERENCES assignment(`assgn_ID`)
) ENGINE=MyISAM DEFAULT CHARSET=latin1;

--
-- Dumping data for table `performance`
--


-- --------------------------------------------------------

--
-- Table structure for table `question`
--

CREATE TABLE IF NOT EXISTS `question` (
  `assgn_ID` int(10) NOT NULL,
  `ques_no` int(10) NOT NULL,
  `content` text NOT NULL,
  `answer` text NOT NULL,
  `db_ID` int(10) NOT NULL,
  `ques_marks` int(10) NOT NULL DEFAULT '1',
  PRIMARY KEY (`assgn_ID`,`ques_no`),
  FOREIGN KEY (`assgn_ID`) REFERENCES assignment(`assgn_ID`),
  FOREIGN KEY (`db_ID`) REFERENCES db(`db_ID`)
) ENGINE=MyISAM DEFAULT CHARSET=latin1;

--
-- Dumping data for table `question`
--

INSERT INTO `question` (`assgn_ID`, `ques_no`, `content`, `answer`, `db_ID`, `ques_marks`) VALUES
(1, 1, 'Write a query on university database to list those courses that have \r\nconsecutive slot on Monday in Room 145. Note that there is a gap of 10\r\nminutes between each slot.', 'select DISTINCT c1.course_id, c1.title, c2.course_id, c2.title \r\nfrom course c1, course c2, time_slot t1, time_slot t2, section s1,section \r\ns2  where (s1.semester, s1.year, s1.building, s1.room_number) =\r\n(s2.semester, s2.year, s2.building, s2.room_number)  and s1.room_number =\r\n145 and t1.day = ''m''   and t1.day = t2.day  and (t2.start_hr - t1.end_hr)\r\n<=10  and s1.course_id = c1.course_id and s2.course_id = c2.course_id;', 1, 1),
(1, 2, 'Write a query on your database to list the name of students and books \r\nwhich they (student) have issued and which are not textbook for any of the\r\ncourses note. Ensure that there should be data in your database for this query.', 'select ID, book_id from issued where (book_id, ID) not in (select book_id, ID from reg natural join textbook);', 2, 1),
(1, 3, 'List all the department details', 'Select * from department;', 3, 1),
(2, 1, 'list out the employee details according to their last_name in ascending order and salaries in descending order', 'Select employee_id, last_name, salary from employee order by last_name, salary desc;', 3, 1),
(2, 2, 'list out the employee details according to their last_name in ascending order and then on department_id in descending order.', 'Select employee_id, last_name, salary from employee order by last_name, department_id desc;', 3, 1),
(2, 3, 'How many employees who are working in different departments wise in the organization', 'Select department_id, count(*), from employee group by department_id;', 3, 1),
(2, 4, 'List out the department wise maximum salary, minimum salary, average salary of the employees', 'Select department_id, count(*), max(salary), min(salary), avg(salary) from employee group by department_id', 3, 1),
(2, 5, 'List out the no.of employees for each month and year, in the ascending order based on the year, month.', 'Select to_char(hire_date,’yyyy’) Year, to_char(hire_date,’mon’) Month, count(*) “No. of employees” from employee group by to_char(hire_date,’yyyy’), to_char(hire_date,’mon’);', 3, 1),
(3, 1, 'List out the department id having atleast four employees.', 'Select department_id, count(*) from employee group by department_id having count(*)>=4;', 3, 1),
(4, 1, 'How many employees who are joined in January or September month.', 'Select to_char(hire_date,’mon’) month, count(*) from employee group by to_char(hire_date,’mon’) having to_char(hire_date,’mon’) in (‘jan’,’sep’);', 3, 1),
(4, 2, 'Display the employee who got the maximum salary.', 'Select * from employee where salary=(select max(salary) from employee)', 3, 1),
(4, 3, 'Display the employees who are working in Sales department', 'Select * from employee where department_id IN (select department_id from department where name=’SALES’)', 3, 1),
(5, 1, 'Display the employees who are working as “Clerk”.', 'Select * from employee where job_id in (select job_id from job where function=’CLERK’;', 3, 1),
(5, 2, 'Display the employees who are working in “New York”', 'Select * from employee where department_id=(select department_id from department where location_id=(select location_id from location where regional_group=’New York’));', 3, 1),
(5, 3, 'Find out no.of employees working in “Sales” department.', 'Select * from employee where department_id=(select department_id from department where name=’SALES’ group by department_id);', 3, 1),
(5, 4, 'Update the employees salaries, who are working as Clerk on the basis of 10%.', 'Update employee set salary=salary*10/100 wehre job_id=(select job_id from job where function=’CLERK’);', 3, 1),
(5, 5, 'Delete the employees who are working in accounting department.', 'delete from employee where department_id=(select department_id from department where name=’ACCOUNTING’);', 3, 1),
(6, 1, 'Display the second highest salary drawing employee details.', 'Select * from employee where salary=(select max(salary) from employee where salary <(select max(salary) from employee));', 3, 1),
(6, 2, 'Display the Nth highest salary drawing employee details', 'Select distinct e.salary from employee where & no-1=(select count(distinct salary) from employee where sal>e.salary);', 3, 1),
(6, 3, 'List out the employees who earn more than every employee in department 30.', 'Select * from employee where salary > all (Select salary from employee where department_id=30)', 3, 1),
(6, 4, 'List out the employees who earn more than the lowest salary in department 30.', 'Select * from employee where salary > any (Select salary from employee where department_id=30);', 3, 1),
(7, 1, 'Find out whose department has not employees.', 'Select employee_id, last_name, department_id from employee e where not exists (select department_id from department d where d.department_id=e.department_id);', 3, 1),
(8, 1, 'Find out which department does not have any employees.', 'Select name from department d where not exists (select last_name from employee e where d.department_id=e.department_id);', 3, 1),
(8, 2, 'Find out the employees who earn greater than the average salary for their department.', 'Select employee_id, last_name, salary, department_id from employee e where salary > (select avg(salary) from employee where department_id=e.department_id);', 3, 1),
(9, 1, 'Display employees with their designations (jobs)', 'Select employee_id, last_name, function from employee e, job j where e.job_id=j.job_id;', 3, 1),
(9, 2, 'Display the employees with their department name and regional groups.', 'Select employee_id, last_name, name, regional_group from employee e, department d, location l where e.department_id=d.department_id and d.location_id=l.location_id', 3, 1),
(9, 3, 'How many employees who are working in different departments and display with department name.', 'Select name, count(*) from employee e, department d where d.department_id=e.department_id group by name', 3, 1),
(10, 1, 'How many employees working in “New York”.', 'Select regional_group, count(*) from employee e, department d, location l where e.department_id=d.department_id and d.location_id=l.location_id and regional_group=’NEW YORK’ group by regional_group;', 3, 1),
(10, 2, 'Display the employ salary grades and no. of employees between 2000 to 5000 range of salary.', 'Select grade_id, count(*) from employee e, salary_grade s where salary between lower_bound and upper_bound and lower_bound>=2000 and lower_bound<=5000 group by grade_id order by grade_id desc', 3, 1),
(11, 1, 'Display the employee details with their manager names.', 'Select e.last_name emp_name, m.last_name, mgr_name from employee e, employee m where e.manager_id=m.employee_id;', 3, 1),
(11, 2, 'Display the employee details who earn more than their managers salaries.', 'Select e.last_name emp_name, e.salary emp_salary, m.last_name, mgr_name, m.salary mgr_salary from employee e, employee m where e.manager_id=m.employee_id and m.salary;', 3, 1),
(12, 1, 'List out the distinct jobs in Sales and Accounting Departments.', 'elect last_name, d.department_id, d.name from employee e, department d where e.department_id(+)=d.department_id and d.department_idin (select department_id from department where name IN (‘SALES’,’OPERATIONS’))', 3, 1);

-- --------------------------------------------------------

--
-- Table structure for table `submission`
--

CREATE TABLE IF NOT EXISTS `submission` (
  `ID` int(10) NOT NULL,
  `assgn_ID` int(10) NOT NULL,
  `Ques_no` int(10) NOT NULL,
  `ans_query` text NOT NULL,
  `submit_time` timestamp NOT NULL DEFAULT CURRENT_TIMESTAMP ON UPDATE CURRENT_TIMESTAMP,
  `correct` tinyint(1) NOT NULL,
  `feedback` text NOT NULL,
  PRIMARY KEY (`ID`,`assgn_ID`,`Ques_no`),
  FOREIGN KEY (`ID`) REFERENCES user(`ID`),
  FOREIGN KEY (`assgn_ID`) REFERENCES assignment(`assgn_ID`),
  FOREIGN KEY (`Ques_no`) REFERENCES question(`Ques_no`)
) ENGINE=MyISAM DEFAULT CHARSET=latin1;

--
-- Dumping data for table `submission`
--


-- --------------------------------------------------------

--
-- Table structure for table `user`
--

CREATE TABLE IF NOT EXISTS `user` (
  `ID` int(10) unsigned NOT NULL AUTO_INCREMENT,
  `name` varchar(20) NOT NULL,
  `dept_name` varchar(20) NOT NULL,
  `passwd` varchar(20) NOT NULL,
  `role` set('instructor','student') NOT NULL,
  PRIMARY KEY (`ID`)
) ENGINE=MyISAM  DEFAULT CHARSET=latin1 AUTO_INCREMENT=1454 ;

--
-- Dumping data for table `user`
--

INSERT INTO `user` (`ID`, `name`, `dept_name`, `passwd`, `role`) VALUES
(1, 'Adley', 'physics', '[JV2aGSY-Qf_JL', 'student'),
(2, 'Alistair', 'chem', '7fos8;jciF', 'student'),
(3, 'Ashwin', 'chem', 'w;_>{TaA9', 'student'),
(4, 'Aurek', 'chem', 'y:+IaU6/.', 'student'),
(5, 'Avinash', 'bio', 'Z`_d*!j98[mb*', 'student'),
(6, 'Abercio', 'ee', 'oP5t;RR$W', 'student'),
(7, 'Aleser', 'mech', ']ku3L]ZX|', 'student'),
(8, 'Annan', 'chem', '4D5y8`~z@~h4D=', 'student'),
(9, 'Arty', 'ee', 'D+CIXhmJWVsbV&', 'student'),
(10, 'Abejundio', 'mech', 'j).k?S?iBz', 'student'),
(11, 'Aston', 'cse', 'Lg%IFit7,<', 'student'),
(12, 'Angwyn', 'bio', 'N>BKp2eW5&{[3D', 'student'),
(13, 'Abelard', 'aero', 'oX3!`CpT|.@', 'student'),
(14, 'Abaddon', 'mech', '#IWxy6snog_!KK', 'student'),
(15, 'Akil', 'physics', '#_TQ8+Ka%X', 'student'),
(16, 'Anshuman', 'ee', 'gNG*~1I=35K', 'student'),
(17, 'Allen', 'chem', 'cmJsGV?D$', 'student'),
(18, 'Ashraf', 'aero', 'I4WCm}zj?I', 'student'),
(19, 'Auburn', 'aero', '_Y1Wwsb9b>', 'student'),
(20, 'Archibald', 'cse', '?CcUW^`/v_.y', 'student'),
(21, 'Atwater', 'meta', 'Rx.2m#}Q-gix', 'student'),
(22, 'Anish', 'civil', 'F_UOL(ti,p', 'student'),
(23, 'Adoni', 'chem', ')FZ@1pLl[.KpD', 'student'),
(24, 'Aldrich', 'physics', 'O,m]%$8@FJ#C^', 'student'),
(25, 'Ammon', 'bio', '|8HXrSFHFKeN', 'student'),
(26, 'Asztrik', 'bio', 'm&~Xx2s{qF4#Ld', 'student'),
(27, 'Adriel', 'mech', 'QxuRCQqHn2La+', 'student'),
(28, 'Abhi', 'ee', '43YN,3B|', 'student'),
(29, 'Abba', 'mech', '9!K0kMP.(', 'student'),
(30, 'Afro', 'physics', 'Tb*2{1wV2PeD', 'student'),
(31, 'Amir', 'cse', 'GO&H|gT<^Zs]r4', 'student'),
(32, 'Adrastos', 'physics', 'V{xHYGR!%P', 'student'),
(33, 'Avrom', 'aero', '~*}~i#4mBts@', 'student'),
(34, 'Abbas', 'cse', 'Os-v}*vem_', 'student'),
(35, 'Akama', 'bio', ':Ot]0<ATa`8TA', 'student'),
(36, 'Adriel', 'ee', '2>.=+PO@ly', 'student'),
(37, 'Ashwini', 'aero', 'lJtH`5DR', 'student'),
(38, 'Auberon', 'aero', ';.ml?KGl2&..+', 'student'),
(39, 'Adolph', 'bio', '$si(}}o[3', 'student'),
(40, 'Avel', 'chem', 'lPcBxK+c_tO', 'student'),
(41, 'Alder', 'civil', '>3cDHEGsjj6/:H', 'student'),
(42, 'Albern', 'cse', 'MB5s`vsPu2-', 'student'),
(43, 'Amherst', 'bio', 'B)]m{gYM0ia', 'student'),
(44, 'Abenzio', 'physics', 'M2)Nlu;oe5', 'student'),
(45, 'Akaash', 'cse', 'wZ(p-n[<KE9kQM', 'student'),
(46, 'Apari', 'physics', '+-&3LS]w]o', 'student'),
(47, 'Alaric', 'ee', 'uLL?f.#3j[', 'student'),
(48, 'Anish', 'meta', 'Cuff=j,S/~L]a]', 'student'),
(49, 'Atherol', 'bio', '*$f`GMb%#}', 'student'),
(50, 'Ambert', 'aero', 't>$5pMvk;<', 'student'),
(51, 'Abercio', 'mech', '?_PE>}RO', 'student'),
(52, 'Asztrik', 'cse', '%=9R,MUJ3', 'student'),
(53, 'Ayer', 'ee', 'mXAA~5Ne^g}Rp;', 'student'),
(54, 'Ashford', 'mech', 'd*i#;qW6M&Q!j', 'student'),
(55, 'Arundel', 'meta', 'KD9xw6km@y@Wcr', 'student'),
(56, 'Anwell', 'civil', '5jz|WLBK', 'student'),
(57, 'Atwater', 'mech', '@P|Mdah3k', 'student'),
(58, 'Attila', 'aero', '*.#A!t{n]rA!', 'student'),
(59, 'Agamemnon', 'chem', 'c%Qe+{F.M', 'student'),
(60, 'Akbar', 'aero', '~^+)$F5V', 'student'),
(61, 'Al', 'physics', '!-XJK1fjz,X', 'student'),
(62, 'Atul', 'meta', 'fM.xY+Ul(', 'student'),
(63, 'Anders', 'aero', ':#gdx>hO1k', 'student'),
(64, 'Archidamus', 'chem', '8u/@v=z)', 'student'),
(65, 'Ajax', 'chem', 'xNBh!@e', 'student'),
(66, 'Adar', 'civil', '323MX~b;i&5F]Z', 'student'),
(67, 'Amato', 'bio', '8vW+0/,[2_a2|', 'student'),
(68, 'Akram', 'cse', 'fAXhH%u2cq_yHq', 'student'),
(69, 'Armstrong', 'civil', '<)SLd6p|-47', 'student'),
(70, 'Aleron', 'aero', '7Pyg$%pQ7xvW', 'student'),
(71, 'Adeodatus', 'aero', '7xSRc-N$', 'student'),
(72, 'Adiran', 'civil', '>EyuZ?WK', 'student'),
(73, 'Ailen', 'physics', '<|EglGdy:QD', 'student'),
(74, 'Aswad', 'physics', 'ez6f55cYv/HEv*', 'student'),
(75, 'Atiu', 'cse', 'MiSs/h-+*%n', 'student'),
(76, 'Albion', 'chem', '?U?AF@Wl{X', 'student'),
(77, 'Avram', 'meta', 'TRf#Q[D9.W}', 'student'),
(78, 'Adley', 'meta', '42b]NE9@', 'student'),
(79, 'Alim', 'physics', 'o^U*Sp(IC', 'student'),
(80, 'Atrus', 'mech', '.^SOQ)Mk/', 'student'),
(81, 'Amirov', 'civil', 'uoSiFM6|Pb', 'student'),
(82, 'Adonis', 'cse', ')~j_MuLA]D', 'student'),
(83, 'Ardon', 'aero', 'is#X0EuZJ2F#', 'student'),
(84, 'Ajatashatru', 'physics', '?<E^@|90gA,b', 'student'),
(85, 'Aegeon', 'ee', 'YTE(erwr', 'student'),
(86, 'Ahmik', 'ee', 'OfP_VVE6', 'student'),
(87, 'Abir', 'ee', '`!Yw]p(c>i;Lu', 'student'),
(88, 'Abudemio', 'mech', '9RIG(0*.~UU2T', 'student'),
(89, 'Al', 'physics', ')&56#jZ8', 'student'),
(90, 'Arthur', 'civil', '^g&!<;/u0Wk', 'student'),
(91, 'Apache', 'cse', '5Xe%CbV>V', 'student'),
(92, 'Austell', 'bio', '}^17s!X7XL{2$', 'student'),
(93, 'Atawn', 'cse', '*nVC_Z!,}qEZQ^', 'student'),
(94, 'Antipholus', 'cse', 'p?ry[*q@_^', 'student'),
(95, 'Angelo', 'civil', 'ED5w}s!|o5', 'student'),
(96, 'Atarah', 'chem', 'VG.r5{#LZr', 'student'),
(97, 'Atawn', 'chem', 'g-r5:{61ms2', 'student'),
(98, 'Anoke', 'civil', '1G`RDLcmY7jM', 'student'),
(99, 'Aldwyn', 'ee', 'FmZWc^7lYmcPQ{', 'student'),
(100, 'Ashon', 'mech', 'Z=JiZsh+', 'student'),
(101, 'Aeolus', 'physics', 'i8g2dEurYF!', 'student'),
(102, 'Arkwright', 'mech', 'a&|UE%Z4', 'student'),
(103, 'Ambert', 'aero', 'BoJ.V=vGBqO_e', 'student'),
(104, 'Atley', 'aero', 'iGtRN.~Ayf12', 'student'),
(105, 'Alistair', 'chem', 'H&GgQWDO', 'student'),
(106, 'Arvind', 'physics', '`kOnVsNFiGqh8,', 'student'),
(107, 'Ajitabh', 'chem', 'my&(%Vknt!S$', 'student'),
(108, 'Ajax', 'civil', 'W7[b^!6lE0*', 'student'),
(109, 'Arizona', 'bio', 't*-4Ezta7', 'student'),
(110, 'Arkin', 'meta', '1=0tj12KWCu/', 'student'),
(111, 'Akim', 'mech', 'x!.r[nm.m', 'student'),
(112, 'Asvathama', 'bio', 'L%e#3^uHJ4micF', 'student'),
(113, 'Acton', 'mech', '-[PCn<Np', 'student'),
(114, 'Akiyama', 'ee', 'HiK]C=&dH<.Sd', 'student'),
(115, 'Akaash', 'mech', 'Kx:E;2~CPR_', 'student'),
(116, 'Alphonso', 'aero', 'ci^qu`=P', 'student'),
(117, 'Alwyn', 'meta', 'jxWT-m&<YR', 'student'),
(118, 'Asher', 'aero', 'XTZr|VeCdT/', 'student'),
(119, 'Alcibiades', 'physics', 'v@gRfkvX=t/', 'student'),
(120, 'Aylwin', 'meta', 'v;Plr`]Qh,XB', 'student'),
(121, 'Ares', 'bio', 'Hr9AvlU%', 'student'),
(122, 'Abel', 'meta', 'M_x8D6#r}&hX', 'student'),
(123, 'Abdul', 'civil', '!X*^@hv:', 'student'),
(124, 'Abhinav', 'civil', '_WbB5h:(npgo=', 'student'),
(125, 'Ashliegh', 'ee', '5|HQWA~JE^oD', 'student'),
(126, 'Aziz', 'civil', 'M;1IuQ=.=', 'student'),
(127, 'Arden', 'civil', '00&p-W]O', 'student'),
(128, 'Anthony', 'meta', '[Wu{U&[rZ', 'student'),
(129, 'Azim', 'chem', 'H0cf!?.$6,', 'student'),
(130, 'Ambar', 'meta', '}}hX/F`K.@4M', 'student'),
(131, 'Augustus', 'cse', '?RW-/;Uy)H(`M|', 'student'),
(132, 'Axton', 'mech', '1Q,oRJjU}+]s', 'student'),
(133, 'Akaash', 'aero', 'z*DfpgXC', 'student'),
(134, 'Amiel', 'chem', '|(=*9C&m$', 'student'),
(135, 'Audun', 'ee', 'GI+ipw0bJL', 'student'),
(136, 'Antipholus', 'mech', 'vO<m4{Y;[AP^', 'student'),
(137, 'Alger', 'chem', 'mhB:~oT*P8>07', 'student'),
(138, 'Ajax', 'civil', ':c?~oRxwj$`Z`', 'student'),
(139, 'Ashliegh', 'bio', 'hsb6ldOK-1cZx', 'student'),
(140, 'Alex', 'civil', '8nBF2}-f', 'student'),
(141, 'Arlen', 'cse', 'q2w=Ca]UAmEoE', 'student'),
(142, 'Alonso', 'cse', 'Z3o.r!&4(lxqL', 'student'),
(143, 'Alexis', 'civil', '3uw/lkRB|u', 'student'),
(144, 'Apostolos', 'mech', 'Qu?Twc8_ep', 'student'),
(145, 'Arjun', 'chem', 'Z/D>67FvJ|', 'student'),
(146, 'Alonso', 'physics', 'c2_E>8S~Pd&', 'student'),
(147, 'Admon', 'physics', '(`b/dr:!ZWm', 'student'),
(148, 'Abdul', 'mech', '8<YJT_g`~q=0A', 'student'),
(149, 'Alika', 'physics', 'vR{0H%cPG#f_6Z', 'student'),
(150, 'Aleser', 'ee', 'cyK+E!?+r5_M%', 'student'),
(151, 'Amadeus', 'meta', 'AE-ScCFc', 'student'),
(152, 'Amit', 'mech', '2UuiqK|=0@4i=w', 'student'),
(153, 'Artie', 'physics', '!*8yb._C', 'student'),
(154, 'Ajitabh', 'mech', 'k4k%Y+4:C}', 'student'),
(155, 'Atilla', 'physics', '2SYX+=Ow', 'student'),
(156, 'Ashford', 'cse', 'Now6_yb;e1B74', 'student'),
(157, 'Albin', 'ee', '76Dc*/djv8),', 'student'),
(158, 'Akshay', 'mech', '[7phX}}@xmRue', 'student'),
(159, 'Alcibiades', 'cse', 'Q/GY_{^Cg', 'student'),
(160, 'Abenzio', 'bio', '4}G+;n5n!RM}zf', 'student'),
(161, 'Alford', 'aero', '#Rsy*|i1CNI:x', 'student'),
(162, 'Alban', 'cse', 'V_mxVy6Q${X', 'student'),
(163, 'Aleser', 'chem', '*lUOR>j91e}', 'student'),
(164, 'Ayer', 'cse', ':Ozv!<)8{uu', 'student'),
(165, 'Abie', 'meta', 'G=P6JrHS-9cm.a', 'student'),
(166, 'Aristedes', 'cse', 'X%z&BT8nl', 'student'),
(167, 'Adelfried', 'bio', 'W4y<OiVURIv', 'student'),
(168, 'Amiri', 'physics', 'l;TmX<8}[', 'student'),
(169, 'Acuzio', 'aero', 'S{JTzMJ', 'student'),
(170, 'Atherton', 'mech', 'RD}=TvuFAx{3<<', 'student'),
(171, 'Anu', 'bio', 's1ljR7lEb/D', 'student'),
(172, 'Azim', 'ee', 'KL;/<,U[x', 'student'),
(173, 'Abhinav', 'ee', 'Y=cOZW2ZAC', 'student'),
(174, 'Arundel', 'mech', 'Asr7(M9k', 'student'),
(175, 'Ashur', 'civil', 'D(j}A[Z8mG_K', 'student'),
(176, 'Adelbert', 'mech', 'TE29E&y9', 'student'),
(177, 'Austin', 'civil', '(kKF:M}Xi`', 'student'),
(178, 'Alexas', 'mech', '13@u_kh.(=J', 'student'),
(179, 'Archer', 'meta', '8hC_L;_c4lKdZ6', 'student'),
(180, 'Ashwin', 'aero', 'Lz<xgk#C.IH', 'student'),
(181, 'Amida', 'physics', 'Pmp7s(Kr>iJct', 'student'),
(182, 'Amadeus', 'mech', 'K8XkhYH%@+', 'student'),
(183, 'Albern', 'physics', 'A&&16h<BcVb)', 'student'),
(184, 'Angus', 'civil', '%X@KiV{Th', 'student'),
(185, 'Aimery', 'chem', 'TuILAP/eVsJh*i', 'student'),
(186, 'Alun', 'civil', 'cT#xf20m3oCbE', 'student'),
(187, 'Adir', 'aero', '^{7Fy/D6[eS>/', 'student'),
(188, 'Adelard', 'meta', '60THStUFU', 'student'),
(189, 'Amaroo', 'aero', ']Rv;7~O)', 'student'),
(190, 'Anil', 'mech', '5TLst^gF', 'student'),
(191, 'Armando', 'chem', '*gW]je7&Y}$r', 'student'),
(192, 'Anno', 'chem', 'aXz{F%Ke5', 'student'),
(193, 'Axel', 'cse', '&9+7|iq.-dUQN', 'student'),
(194, 'Alfons', 'bio', 'NbQ.e-vbnk2~V', 'student'),
(195, 'Adir', 'physics', 'c7nx#y`sJ', 'student'),
(196, 'Amador', 'civil', 'Q5?!At8-e', 'student'),
(197, 'Adir', 'aero', 'o*j|uRBJ', 'student'),
(198, 'Aladdin', 'civil', 'e@8v51;r', 'student'),
(199, 'Ang', 'mech', 'NExWtth6[', 'student'),
(200, 'Avram', 'chem', '.U$BLTqa', 'student'),
(201, 'Admon', 'aero', 'ZilO|*x+ol4O', 'student'),
(202, 'Ariel', 'physics', ']31vl<aZ?quHnj', 'student'),
(203, 'Acton', 'cse', 'KAH<XF<oUC6,', 'student'),
(204, 'Accursius', 'ee', '%}S>1b,sWNc#2$', 'student'),
(205, 'Abhay', 'civil', '[OleX#pQX}d3I', 'student'),
(206, 'Alderney', 'chem', '}eBG)b_W2>\\_,G', 'student'),
(207, 'Atawn', 'civil', 'sP0jXMdu#/A^', 'student'),
(208, 'Amaro', 'bio', '3d4u1?p>n', 'student'),
(209, 'Arend', 'aero', 'oztBq%GA`;Yc+', 'student'),
(210, 'Abner', 'civil', '7V.H}[(o', 'student'),
(211, 'Akando', 'aero', 'F^]=P{QE=n', 'student'),
(212, 'Ajitabh', 'ee', '6K1oUY*L8}T', 'student'),
(213, 'Anders', 'meta', 'DWT?_@T_', 'student'),
(214, 'Amulya', 'meta', 'oMqmhur}OW6', 'student'),
(215, 'Armon', 'meta', 'o9,_p!JmeD', 'student'),
(216, 'Arundel', 'civil', 'j])*v85AIFv', 'student'),
(217, 'Abi', 'chem', 'I;~Fz0${>d=4A', 'student'),
(218, 'Amherst', 'cse', '8oSEN4myy', 'student'),
(219, 'Ackley', 'ee', 'G)wc_xt/n;r', 'student'),
(220, 'Anish', 'bio', 's1vb#Se;5#qE0', 'student'),
(221, 'Alister', 'chem', 'OlpM^t+mH', 'student'),
(222, 'Azim', 'cse', '&MR*wIgJuQl', 'student'),
(223, 'Alistair', 'aero', ',5`Pi#uqwMu?JM', 'student'),
(224, 'Arend', 'chem', '(8{peg#<u', 'student'),
(225, 'Anshul', 'physics', 'j9>V(c[/BE', 'student'),
(226, 'Amir', 'meta', 'ZjeF#3&2f28=*', 'student'),
(227, 'Alwin', 'ee', 'bso@jBuCH7^N', 'student'),
(228, 'Arnon', 'mech', '11{y8,DBY&u', 'student'),
(229, 'Anniruddha', 'physics', 'T}np[TNO', 'student'),
(230, 'Avenall', 'mech', 'fq6Do}1i@@3', 'student'),
(231, 'Abdel', 'bio', '>u5ELtEs@svR$t', 'student'),
(232, 'Athan', 'bio', 'quv&^w8[Y!+r:', 'student'),
(233, 'Austell', 'ee', 'y_<Ypb:JcwZ^X', 'student'),
(234, 'Apari', 'mech', 'N.k6UuqSYBu', 'student'),
(235, 'Araluen', 'mech', 'C,R@o>UX{W%t1', 'student'),
(236, 'Abdul', 'meta', '?FX#h_:h=ugN5_', 'student'),
(237, 'Atarah', 'aero', 'amh,NOb(C[{', 'student'),
(238, 'Adriel', 'mech', '#v4rwscd2}Fx', 'student'),
(239, 'Avery', 'bio', '2]iJX~+gU', 'student'),
(240, 'Aidan', 'chem', 'sk7w]d71+', 'student'),
(241, 'Abelard', 'bio', '^+12O0#~;', 'student'),
(242, 'Adel', 'physics', '}b;UHwPp?g', 'student'),
(243, 'Alvis', 'aero', 'DKvySl<N^;', 'student'),
(244, 'Alard', 'physics', '.6J`?z;P7y', 'student'),
(245, 'Anson', 'ee', '{ck=JKY24sK', 'student'),
(246, 'Anshuman', 'physics', 'AoJ)y+he9<,sH', 'student'),
(247, 'Allighiero', 'cse', 'Rptlx8_)', 'student'),
(248, 'Arsenio', 'bio', 'DG<sC3.M]', 'student'),
(249, 'Abiel', 'aero', '6$}w_ISU<@D', 'student'),
(250, 'Anniruddha', 'bio', '`abCniaLIU', 'student'),
(251, 'Antiochus', 'bio', '$s|5<wozZSV6', 'student'),
(252, 'Ashraf', 'cse', '[`#%P_]I', 'student'),
(253, 'Armand', 'civil', 'uzp{ZD}DW=ywE', 'student'),
(254, 'Apollo', 'bio', '#^y.(qcT&H<+=', 'student'),
(255, 'Arsen', 'meta', 'hJuptp-uw', 'student'),
(256, 'Ahren', 'ee', '8.lI<&;u[7oZ', 'student'),
(257, 'Alim', 'meta', 'I-])ii[8Z?KGf:', 'student'),
(258, 'Amal', 'chem', '}%^wQdKR[cFB', 'student'),
(259, 'Ara', 'meta', 'AHS$&0Zt1P%@@S', 'student'),
(260, 'Aldwin', 'aero', 'J[R@C*u-v', 'student'),
(261, 'Antiochus', 'ee', ';:k@/fvQ$GEf', 'student'),
(262, 'Adnan', 'physics', 'kKPKZnCm', 'student'),
(263, 'Arvad', 'physics', 'oEt<W3siC,#*@', 'student'),
(264, 'Adelard', 'ee', 'X|Z2@F*Q}J3bl', 'student'),
(265, 'Anders', 'cse', '{K8L|mi6{', 'student'),
(266, 'Aksel', 'chem', '$]{)/#IS', 'student'),
(267, 'Anoke', 'civil', 'Q$C^JL&Ng:', 'student'),
(268, 'Adler', 'aero', '5b3)cuh@E0Sc', 'student'),
(269, 'Alessandro', 'ee', 'xk+$O<>bM)', 'student'),
(270, 'Ashwini', 'bio', '&0j|v0K[%Odw', 'student'),
(271, 'Anant', 'civil', 'B#vP-dm,#E%', 'student'),
(272, 'Ashon', 'ee', 'X_(KnLv)0pK', 'student'),
(273, 'Alston', 'mech', 'X7VL5?@@Mx$gd6', 'student'),
(274, 'Art', 'physics', 'O2(4G>2.', 'student'),
(275, 'Amsden', 'bio', 'KeYjto@k.', 'student'),
(276, 'Adonis', 'ee', '!5zVEf#o', 'student'),
(277, 'Akira', 'mech', '(),{?{aS)F.sn', 'student'),
(278, 'Arlo', 'ee', 'Jd=T5[2{%e}il8', 'student'),
(279, 'Azariah', 'cse', 'P{K^+`ML!Z=2I', 'student'),
(280, 'Abdieso', 'meta', 'jwfH{_C$', 'student'),
(281, 'Aaron', 'mech', '|rv>z6;xwi1onS', 'student'),
(282, 'Aloysius', 'civil', '3DXbiH^!ul', 'student'),
(283, 'Arthus', 'mech', 'zM<KCRazJ[', 'student'),
(284, 'Aubin', 'meta', '?Tx-Y^#E!(0:', 'student'),
(285, 'Avery', 'chem', 'x[V=qF;jh4', 'student'),
(286, 'Agatone', 'bio', 'fc<_aDvl', 'student'),
(287, 'Akshay', 'bio', 'r`<{^!2jVYk.c', 'student'),
(288, 'Arley', 'aero', '|b0CWgaWww', 'student'),
(289, 'Adelphos', 'ee', '4mM39Tx<T', 'student'),
(290, 'Abdieso', 'chem', '*434I]toDVo_/', 'student'),
(291, 'Akshay', 'cse', 'w.^#u@jB#F.F', 'student'),
(292, 'Abundiantus', 'cse', ']N,-K^rh<O', 'student'),
(293, 'Armando', 'aero', ':eROkZ@[', 'student'),
(294, 'Akiva', 'bio', 'C^v__Y4SUwc', 'student'),
(295, 'Anoop', 'chem', 'ejYaP^C,', 'student'),
(296, 'Azim', 'civil', 'tBT#JKJ[0p4?D', 'student'),
(297, 'Alfred', 'chem', 'L~]>tx.y,sO6Km', 'student'),
(298, 'Anant', 'mech', 'pi0hXn<;y', 'student'),
(299, 'Akando', 'bio', 'TE!xf><.^', 'student'),
(300, 'Adelbert', 'bio', 'zyW*(MQSH', 'student'),
(301, 'Adair', 'chem', 'j00(spnk', 'student'),
(302, 'Amrit', 'chem', 'yK}V?MXD9@rw', 'student'),
(303, 'Abi', 'aero', 'O&SXXro-<G*', 'student'),
(304, 'Abelard', 'physics', 'n;ES?#{dv(', 'student'),
(305, 'Alford', 'meta', 'CC/xU?iT1uwZ', 'student'),
(306, 'Artie', 'cse', 'HaO1Yxeq$_2C/E', 'student'),
(307, 'Adelfried', 'ee', 'ix5>=]Co_188(p', 'student'),
(308, 'Abbott', 'bio', 'Ov>D`Ds{F', 'student'),
(309, 'Asvin', 'aero', 'k_r<O,dsk;{L', 'student'),
(310, 'Atilla', 'bio', '^GEx;L2R:eJW;', 'student'),
(311, 'Ashraf', 'mech', 'X#,Ul65xZmOG', 'student'),
(312, 'Acuzio', 'aero', '+h*zT!75=', 'student'),
(313, 'Ariel', 'cse', '7.P>ImUuk', 'student'),
(314, 'Arkwright', 'chem', '#2H3V<yEZ', 'student'),
(315, 'Anniruddha', 'mech', ']mf@JAavZi>', 'student'),
(316, 'Admon', 'civil', 'JT~P,%<L,k', 'student'),
(317, 'Aruiragus', 'chem', 'rm0n.):pu6', 'student'),
(318, 'Athan', 'aero', '`<l/61N@', 'student'),
(319, 'Adelino', 'civil', 'WHvw.n,iv/z', 'student'),
(320, 'Alphonso', 'cse', '!&K.E?U*ju1Qr', 'student'),
(321, 'Alexas', 'ee', '_Cx1p~R6$e', 'student'),
(322, 'Algren', 'physics', 'grp,t>Mw', 'student'),
(323, 'Algernon', 'ee', '}Hdp]iH]A2h', 'student'),
(324, 'Androcles', 'bio', '=ZduxFo&', 'student'),
(325, 'Aron', 'ee', 'S?):}Eu>', 'student'),
(326, 'Audun', 'meta', 'jAlKF*BJ6bk7L', 'student'),
(327, 'Antal', 'chem', '[1a2/~baS:Q.', 'student'),
(328, 'Aidan', 'bio', 'deeflp@:[m}nN(', 'student'),
(329, 'Alexas', 'cse', 'qNGczi`8L_EL', 'student'),
(330, 'Allambee', 'civil', 'b<x{qtTnUcRbo', 'student'),
(331, 'Anscom', 'civil', ')ktz(ECZTG', 'student'),
(332, 'Alderney', 'cse', '.5+Dd4GMX', 'student'),
(333, 'Arnaud', 'mech', '-z6:xU}0i', 'student'),
(334, 'Alonso', 'civil', '2o]&0IEsPZT', 'student'),
(335, 'Anscom', 'physics', '_A%(H|IsVrOB&', 'student'),
(336, 'Alika', 'bio', ';<EnRK<fz', 'student'),
(337, 'Alaric', 'meta', 'x.zw,35cMbv', 'student'),
(338, 'Aroon', 'physics', '?r?`q1.fzSr', 'student'),
(339, 'Avram', 'physics', 'Z,sSu{6(Q#lN~', 'student'),
(340, 'Azariah', 'bio', '^0#$Ti&`;', 'student'),
(341, 'Adam', 'ee', 'Ie=:3`bT5mx', 'student'),
(342, 'Alcander', 'bio', '`lLlc)BFg<', 'student'),
(343, 'Aubin', 'bio', '7sbf%C5Tv[Fo5C', 'student'),
(344, 'Albert', 'mech', 'KtS,9b_?u', 'student'),
(345, 'Ashton', 'aero', ':oE;vg/nw<Ba', 'student'),
(346, 'Amiel', 'meta', 'WoUH(lU%', 'student'),
(347, 'Abdullah', 'civil', 'XRi)iPkv', 'student'),
(348, 'Aland', 'cse', 'Fvgt41SE~P^W', 'student'),
(349, 'Akira', 'civil', 'n)A_kn(hZ+2|', 'student'),
(350, 'Abhishek', 'ee', 'ls3`p?G7_8f=ef', 'student'),
(351, 'Adolfo', 'chem', 'A7Xv~r:', 'student'),
(352, 'Aakarshan', 'meta', 'f.to|$ey5.', 'student'),
(353, 'Angelo', 'civil', '^~.^XpF,)9#', 'student'),
(354, 'Abhishek', 'meta', '?jGX?~z&Mk;', 'student'),
(355, 'Abe', 'bio', '``BoI^Tea$/?i', 'student'),
(356, 'Amit', 'cse', '/~B,3hJyrS', 'student'),
(357, 'Arnold', 'meta', 'g^]U5Yf6DG|l', 'student'),
(358, 'Ahren', 'chem', 'UCE42ghup^eV+`', 'student'),
(359, 'Amund', 'cse', 'dmxRV}A=', 'student'),
(360, 'Aldridge', 'chem', 'n6/tyu9#3', 'student'),
(361, 'Anjuman', 'mech', 'M[@P5x@I1M/*)8', 'student'),
(362, 'Ashburn', 'physics', 'XiMpM@m0D[e;4]', 'student'),
(363, 'Angus', 'aero', 'OC3hq0!g=', 'student'),
(364, 'Aniston', 'meta', 'fR9<FCtK', 'student'),
(365, 'Abie', 'civil', 'T@%zro`!tLSUvp', 'student'),
(366, 'Ashton', 'chem', 'ObHR+XYr8', 'student'),
(367, 'Abdiel', 'chem', '4;~9oy5X', 'student'),
(368, 'Askel', 'aero', '8)xZLdo/i', 'student'),
(369, 'Akello', 'bio', '.]G|?Sk&[F', 'student'),
(370, 'Asija', 'mech', 'a2GT#yYq/=9', 'student'),
(371, 'Abenzio', 'bio', 'VA$k!*n67Z', 'student'),
(372, 'Adeodatus', 'physics', 'Q.PI.wlUVf.[|5', 'student'),
(373, 'Abhay', 'bio', 'iI||6Dv<', 'student'),
(374, 'Ambert', 'bio', 'R$O_^N:qU!a-', 'student'),
(375, 'Aditya', 'physics', 'aB6<LG{j~o', 'student'),
(376, 'Adley', 'ee', '*4yXy?Q~|', 'student'),
(377, 'Askel', 'bio', 'pN+Z2p%u4@', 'student'),
(378, 'Adoni', 'aero', '+gPsGbA#P', 'student'),
(379, 'Amadeus', 'cse', ')$!t$!!6fWI', 'student'),
(380, 'Aneurin', 'physics', 'GUMXwKEZL', 'student'),
(381, 'Aeron', 'mech', 'CIlG$ZA)', 'student'),
(382, 'Ara', 'ee', 'F8dD-JVQ?V', 'student'),
(383, 'Abhi', 'bio', '4<tO>nBLMJ^k', 'student'),
(384, 'Austin', 'mech', '>$>.#VsfN2XF0', 'student'),
(385, 'Ajani', 'chem', 'YBM&#ARVl', 'student'),
(386, 'Alasdair', 'ee', 'dxF1`HtRKO', 'student'),
(387, 'Augustine', 'meta', 'xmq6E_<*h0[qe', 'student'),
(388, 'Adel', 'civil', '}L3F6I!p0=V]r', 'student'),
(389, 'Athan', 'ee', 'usZhYLnkN', 'student'),
(390, 'Athos', 'cse', 'd!DO`PV-SS', 'student'),
(391, 'Aloysius', 'mech', '6XX{Z>^>mD>c', 'student'),
(392, 'Abdel', 'ee', 'lCYf4N>+:[b;c', 'student'),
(393, 'Arley', 'civil', 'LESc]mdxm', 'student'),
(394, 'Aristotle', 'ee', 'z=%u?p/N*', 'student'),
(395, 'Ansel', 'mech', 'ri9_UyJj)~{G', 'student'),
(396, 'Azriel', 'chem', 'p}C]K*wi(p(-_g', 'student'),
(397, 'Adelfried', 'civil', '+mT_kZMD', 'student'),
(398, 'Ari', 'physics', 'rZ?d%pESH;J', 'student'),
(399, 'Akil', 'chem', 'C.0GH2VhxMcA', 'student'),
(400, 'Amory', 'ee', '`JK4oH~#+[o&t', 'student'),
(401, 'Abdul', 'cse', 'Gq20Of>>', 'student'),
(402, 'Arkin', 'mech', 'vD0H?u&C/S', 'student'),
(403, 'Ambler', 'mech', 'qlyb|NY%8a:a', 'student'),
(404, 'Adiran', 'physics', '3OaG@opO_w^>', 'student'),
(405, 'Amit', 'ee', 'U,rPdn#k!<]x', 'student'),
(406, 'Alcander', 'chem', '@z?(aPoqg', 'student'),
(407, 'Akram', 'bio', 'r}.#]R&H3', 'student'),
(408, 'Athan', 'bio', '(sWLEu6Lp2v%w[', 'student'),
(409, 'Asim', 'mech', '[n`Fj8zgG,', 'student'),
(410, 'Adony', 'cse', '5!*pnb4.7dJ,f', 'student'),
(411, 'Allighiero', 'aero', 'cO8GT_j:011.tH', 'student'),
(412, 'Ashby', 'cse', ']gXdz@fr', 'student'),
(413, 'Agamemnon', 'chem', '4kcq$G#/E', 'student'),
(414, 'Aimery', 'civil', 'DDJx)^]V', 'student'),
(415, 'Almon', 'physics', ')6KF8s&~Irq&', 'student'),
(416, 'Alfonso', 'meta', 'd[SyM87@M', 'student'),
(417, 'Anders', 'cse', '*2U6-WbU|Z', 'student'),
(418, 'Armon', 'cse', ';VoK<_};?', 'student'),
(419, 'Ashraf', 'bio', 'qsS7z@2vM/_by', 'student'),
(420, 'Avner', 'civil', '#2l8U2:_r5w', 'student'),
(421, 'Akama', 'meta', '6}VFDEck*j=F$', 'student'),
(422, 'Arkwright', 'cse', 'ljtO+LXp', 'student'),
(423, 'Adin', 'physics', 'fE&XkU2XP9#Z', 'student'),
(424, 'Anniruddha', 'bio', 'mrR&Fs(({', 'student'),
(425, 'Argus', 'bio', '|]oDiEX=ktuA', 'student'),
(426, 'Abaddon', 'civil', 'e.=A?yPLJR]', 'student'),
(427, 'Abhinav', 'cse', '(Pt#J.{W*y=$ov', 'student'),
(428, 'Alessandro', 'civil', 'I*SKm%P]', 'student'),
(429, 'Alfred', 'bio', '<8#(X0MR_', 'student'),
(430, 'Aricin', 'meta', '7^dd_k8z>B~', 'student'),
(431, 'Aneurin', 'physics', 'nz5o>WSQV3Kq:', 'student'),
(432, 'Atman', 'meta', 'uXk;N6-jc', 'student'),
(433, 'Abhorson', 'ee', 'JDy5:^`c)){9Bt', 'student'),
(434, 'Aleron', 'ee', 'sG&eMC%A:?', 'student'),
(435, 'Addison', 'mech', 'j=.Q;AGTCKBv2', 'student'),
(436, 'Adam', 'physics', 'IG%NsM1}[', 'student'),
(437, 'Aegeon', 'ee', '.7XM4-Y%Nn', 'student'),
(438, 'Alistair', 'bio', 'FF},M&MRkS', 'student'),
(439, 'Alric', 'cse', 'zr)sG0Ia', 'student'),
(440, 'Algren', 'physics', 'QU$)QqJKb)@', 'student'),
(441, 'Atley', 'mech', 'dh4y,P.Y)i', 'student'),
(442, 'Accursius', 'cse', 'F~,@2uGk0RS7', 'student'),
(443, 'Alfonso', 'civil', '60ksX}kYB/30', 'student'),
(444, 'Alonso', 'physics', 'm]a`NjddD>|6^J', 'student'),
(445, 'Arion', 'mech', 'w~pexXWU*,c&Ag', 'student'),
(446, 'Angelo', 'ee', 'HT;_,Ypa&=', 'student'),
(447, 'Ardley', 'chem', '}(QQ{ma~d]*', 'student'),
(448, 'Anthony', 'mech', '^RD]D9Hm', 'student'),
(449, 'Anshul', 'physics', ']~EwHipYHL', 'student'),
(450, 'Arkin', 'aero', '|pGJqoN?8{x$+-', 'student'),
(451, 'Armen', 'civil', 'YKYLq.Jifek8m', 'student'),
(452, 'Astin', 'meta', '~yK%DtK>pEy', 'student'),
(453, 'Amida', 'civil', 'L879D;4$}S9+bR', 'student'),
(454, 'Aakarshan', 'mech', '`O:*4k6(', 'student'),
(455, 'Attis', 'bio', 'ejE=Rl]<', 'student'),
(456, 'Ajani', 'cse', 'Vjw3GVYq=?KE', 'student'),
(457, 'Adoni', 'physics', 'bM(q;Y:rD(O&z', 'student'),
(458, 'Amiel', 'civil', 'N$Zt,nHyi>)r', 'student'),
(459, 'Amadi', 'civil', 'Z3c4a?.Jcw', 'student'),
(460, 'Aimery', 'mech', 'lwtFjy95W{>wK', 'student'),
(461, 'Arkwright', 'chem', '`n<FRsY9bSo', 'student'),
(462, 'Alastair', 'meta', 'Vo`]wN7wrRU{', 'student'),
(463, 'Alexis', 'bio', '*$ZN689*', 'student'),
(464, 'Atawn', 'physics', 'uz/<h4+<x$', 'student'),
(465, 'Ashutosh', 'mech', '|b^vuAi4vjv>y', 'student'),
(466, 'Aldous', 'civil', '(j)w?Sm8/C2|', 'student'),
(467, 'Aneurin', 'ee', 'AX4blnckV%f', 'student'),
(468, 'Arkin', 'meta', 'O1O+xxik', 'student'),
(469, 'Adelmo', 'bio', 'y6?:HXY0', 'student'),
(470, 'Arthus', 'civil', 'J,C0n@eP_1', 'student'),
(471, 'Anoki', 'meta', '_Y=UO^QSR{oy', 'student'),
(472, 'Angada', 'ee', 'k.rna6+|1=)', 'student'),
(473, 'Arjun', 'cse', 'iXr{5jEv)', 'student'),
(474, 'Alger', 'aero', 'q}y&qsSoZR8~W&', 'student'),
(475, 'Ahab', 'mech', '!UV=9I7+7/^O', 'student'),
(476, 'Adolph', 'physics', '=YE+nHu.e', 'student'),
(477, 'Aaron', 'physics', '/&om}6T8a=b', 'student'),
(478, 'Avery', 'bio', 'SH9KtDtj', 'student'),
(479, 'Ashford', 'bio', 'b{fn#~5V', 'student'),
(480, 'Antigonus', 'civil', 'R/QA@;&L6', 'student'),
(481, 'Alfred', 'aero', '_DYhLhjTQ', 'student'),
(482, 'Abernethy', 'civil', '`@g!#qS0pv1nDW', 'student'),
(483, 'Arvad', 'civil', '0m|l:NLgZV', 'student'),
(484, 'Amit', 'mech', 'eZ/oqT@&/.{Vh9', 'student'),
(485, 'Alun', 'ee', 'Hmt^G5$W1C:', 'student'),
(486, 'Avel', 'aero', '=HD1BM[65WnM+', 'student'),
(487, 'Avenall', 'meta', 'D2rqmp6u>@c6Kb', 'student'),
(488, 'Atharvan', 'meta', 'zxq?o#`D0=y1YO', 'student'),
(489, 'Arvind', 'meta', ':mK5hR{>pyW>', 'student'),
(490, 'Allen', 'bio', 'VNJ,`d).g', 'student'),
(491, 'Atarah', 'bio', '!3EFyVvB&@', 'student'),
(492, 'Arpiar', 'meta', ')mr[9m=6>C4#', 'student'),
(493, 'Atherton', 'mech', 'A}[Do|7~~H', 'student'),
(494, 'Ali', 'meta', '/mu]ZD7}1ul', 'student'),
(495, 'Augustus', 'mech', 'pN<QA!]S&v?,6', 'student'),
(496, 'Auberon', 'cse', 'W>l*CBxM', 'student'),
(497, 'Agustin', 'physics', 'O>^Kn;r.<8A(', 'student'),
(498, 'Arthus', 'civil', 'B~p1.Zi+', 'student'),
(499, 'Arran', 'physics', 'ld~<V:TT7sf', 'student'),
(500, 'Avram', 'chem', '7pq^yHlDu{9p', 'student'),
(501, 'Annan', 'cse', 'D3s7>,^i', 'student'),
(502, 'Abir', 'mech', 'IoSOWre[.ETX', 'student'),
(503, 'Aric', 'civil', '8=wha(uR4zko', 'student'),
(504, 'Alexander', 'ee', 'FUAvh$Cfzymgf', 'student'),
(505, 'Alban', 'civil', 'O}cUvfwmuoM]&x', 'student'),
(506, 'Alden', 'mech', '%NqdrG|70n$)ky', 'student'),
(507, 'Ajayi', 'aero', 'Duf<MNa,lbAD', 'student'),
(508, 'Abelard', 'cse', 'B!6CbDBB~%!^>o', 'student'),
(509, 'Arty', 'aero', '684RjAB4+5Wf', 'student'),
(510, 'Acton', 'mech', 'PlZJ+9*;', 'student'),
(511, 'Abrasha', 'aero', 'mW84_(<S{', 'student'),
(512, 'Allard', 'physics', '`{tw|gc', 'student'),
(513, 'Auberon', 'mech', 'nkY+m_P?g]5', 'student'),
(514, 'Amsden', 'bio', '$fefbX@c^X(Z2', 'student'),
(515, 'Aronne', 'physics', 'fn$y_]/njMsVYW', 'student'),
(516, 'Anyon', 'chem', 'Xvep_.$Cw', 'student'),
(517, 'Ari', 'meta', '}kQgvj25Rnn', 'student'),
(518, 'Alun', 'ee', '0LP*@TJ$uQTe', 'student'),
(519, 'Ainsley', 'chem', 'WMB[fv3w&p.', 'student'),
(520, 'Anirudhh', 'chem', '?*Vc$=npv~n{A', 'student'),
(521, 'Abi', 'civil', '{ra5z{NMgp', 'student'),
(522, 'Alphonse', 'cse', 'EiI6d`?pf', 'student'),
(523, 'Alarbus', 'bio', 'UhM{TKF#', 'student'),
(524, 'Acacio', 'cse', 'f_?J`uLG&@@A', 'student'),
(525, 'Addison', 'meta', '}^s+(t$MY', 'student'),
(526, 'Anshul', 'ee', 'gH6%$IQT|>g5=', 'student'),
(527, 'Allard', 'ee', '|VSX<m`)ZN', 'student'),
(528, 'Aled', 'aero', '10h+f1PdO#tT7', 'student'),
(529, 'Adley', 'civil', 'vExDy>z$C|?', 'student'),
(530, 'Azi', 'physics', 'yE@}X#@]9<}rx', 'student'),
(531, 'Albin', 'ee', 'g8mxy[{LDd', 'student'),
(532, 'Amery', 'meta', 'Z4i+cr$dwdT', 'student'),
(533, 'Alwyn', 'bio', '$=*2i?9^c', 'student'),
(534, 'Alister', 'meta', 'r&i544^Uv$i{S^', 'student'),
(535, 'Ashliegh', 'bio', '|E{s%e]U0j~F,z', 'student'),
(536, 'Ajax', 'cse', 'vtD;$^x`yZF6u', 'student'),
(537, 'Atherton', 'aero', 'x2VfghZo,!', 'student'),
(538, 'Alika', 'mech', 'F/@G?)x}x^h]5', 'student'),
(539, 'Ayer', 'mech', 'd!SgQKh@PcCj1r', 'student'),
(540, 'Abelard', 'ee', 'Z3HT#xoX', 'student'),
(541, 'Arlen', 'physics', '<vo[)M8}:', 'student'),
(542, 'Abhorson', 'meta', 'Pf00uzcxN!D', 'student'),
(543, 'Allard', 'physics', ':ZxbC+c*9G9kS', 'student'),
(544, 'Alun', 'civil', 'LhL7sU&O}', 'student'),
(545, 'Arlo', 'chem', 'V{r.,dO3y4', 'student'),
(546, 'Amadi', 'mech', '6]xvq9j6', 'student'),
(547, 'Adrastos', 'chem', '<O|q^*C/x', 'student'),
(548, 'Aden', 'ee', 't7iiKqTg0Tq_H', 'student'),
(549, 'Atwell', 'physics', 'Hl&vw:/f', 'student'),
(550, 'Abram', 'meta', '2aj7{Ga).q7lK', 'student'),
(551, 'Amiri', 'aero', 'C3M@FihV', 'student'),
(552, 'Anniruddha', 'physics', 'EX[I$h$+uB', 'student'),
(553, 'Attis', 'cse', 'Of_S=Hx+]rPA=', 'student'),
(554, 'Aubrey', 'bio', '!awor;kn', 'student'),
(555, 'Agamemnon', 'bio', '^?Y]#?F3A,wY', 'student'),
(556, 'Alexander', 'mech', 'W,3^|Rwy9', 'student'),
(557, 'Abban', 'ee', '>|#5:&aZ>`8I0!', 'student'),
(558, 'Aronne', 'aero', '~-yYrAyE', 'student'),
(559, 'Arsen', 'aero', 'q@Jucs1v', 'student'),
(560, 'Amit', 'ee', 'Jg;8)}Q6Z.~9', 'student'),
(561, 'Abejundio', 'ee', 'u~_x:~4S.Y9', 'student'),
(562, 'Ayhner', 'chem', '0]t2G2KI=', 'student'),
(563, 'Azi', 'civil', 'y8rD5NLf9', 'student'),
(564, 'Alun', 'aero', '4Fv+K/Gb%l0d>F', 'student'),
(565, 'Alvah', 'meta', 'a>Z=ijNN->c)=B', 'student'),
(566, 'Ashon', 'physics', '8#yj*aA=&0%', 'student'),
(567, 'Amador', 'meta', 'co:Pv!cX~1a', 'student'),
(568, 'Ascot', 'meta', 'N^Ge,5d9k_[,,', 'student'),
(569, 'Admon', 'physics', 'y=2Mwxhk6yDrC', 'student'),
(570, 'Anselm', 'meta', '`Jwg<ps2?', 'student'),
(571, 'Akil', 'physics', 'd`KLwv(i', 'student'),
(572, 'Atman', 'mech', 'aVq*WFkxr', 'student'),
(573, 'Azzan', 'chem', 'rHxqPtTOA_', 'student'),
(574, 'Averill', 'bio', 'bOJXACM0zBa}', 'student'),
(575, 'Ansari', 'ee', '~8{CTVrQ]-3h]f', 'student'),
(576, 'Ashok', 'ee', '`pEr}Cik$cq_', 'student'),
(577, 'Angwyn', 'aero', 'bPjs>#vt3}!=1I', 'student'),
(578, 'Arnett', 'aero', '2Zt(LnO-}_2i==', 'student'),
(579, 'Akiva', 'mech', 'ZmSg6K0Qxtf(', 'student'),
(580, 'Aubert', 'civil', '`I=#nFD]ql?%', 'student'),
(581, 'Asa', 'bio', 'l}evcZS-Q4<#.9', 'student'),
(582, 'Antal', 'cse', 'K9=cMi`7', 'student'),
(583, 'Aubin', 'ee', 'nvE]b#vUWV!:&', 'student'),
(584, 'Ambrose', 'physics', '4<iTKz#b`', 'student'),
(585, 'Abejundio', 'bio', 'rs.5>{n1}88', 'student'),
(586, 'Abelard', 'physics', 'H]5#9-C6', 'student'),
(587, 'Abhijit', 'bio', '8z1-S<:cV', 'student'),
(588, 'Ashburn', 'meta', 'F0#QWhNbve^N', 'student'),
(589, 'Austin', 'bio', 'yY-pg$!', 'student'),
(590, 'Athos', 'aero', 'dI**]leT(pky;', 'student'),
(591, 'Apemantus', 'aero', 'i-3-znzg@', 'student'),
(592, 'Abejundio', 'civil', 'WMvsFc#(Lq0W', 'student'),
(593, 'Aubrey', 'mech', 'P$?G=)8p74TT^', 'student'),
(594, 'Atalik', 'physics', '9jIk@VVPcy_I', 'student'),
(595, 'Adin', 'ee', '{#Q3lq+];F{co', 'student'),
(596, 'Addai', 'bio', 'qnAB:4PWg_xM', 'student'),
(597, 'Anish', 'chem', 'fJZ9vC,s,>xOG=', 'student'),
(598, 'Ackley', 'meta', 'N2Y0K]a^', 'student'),
(599, 'Anish', 'chem', 'mW;A|FC(04', 'student'),
(600, 'Atulya', 'aero', 'B_E`{9^KU', 'student'),
(601, 'Arvin', 'cse', 'w^3>%?NDZm', 'student'),
(602, 'Albert', 'chem', 'l@Fk_6$};z*g!', 'student'),
(603, 'Amit', 'chem', 'UZ}4jB.Ay`1Miy', 'student'),
(604, 'Archer', 'civil', '.Nx[LGIho_[n', 'student'),
(605, 'Adriel', 'mech', 'FPLtO4)$-.Gq:b', 'student'),
(606, 'Altman', 'cse', '6Js*>U}a;+~9/', 'student'),
(607, 'Arty', 'bio', 'AbYQn-NaK', 'student'),
(608, 'Ashraf', 'meta', 'a_UFWc%y@fE', 'student'),
(609, 'Averill', 'aero', 'V0LYXmL[cQz;G', 'student'),
(610, 'Atawn', 'cse', '5pK.g}w:q/$HXX', 'student'),
(611, 'Aldrich', 'chem', 'wU5MKpFD;f3<', 'student'),
(612, 'Alvis', 'civil', '2ggt$Tb81iKR', 'student'),
(613, 'Adelfried', 'physics', '!(e=,.f7$;~', 'student'),
(614, 'Aland', 'mech', 'G0E4HyB`W&#P', 'student'),
(615, 'Admes', 'ee', '9N.1DNm+oO}', 'student'),
(616, 'Atharvan', 'meta', 'oHbJ42F?8', 'student'),
(617, 'Ankit', 'mech', '?mxkT}]6HA(54', 'student'),
(618, 'Armando', 'chem', '/:k39$O;0:!de', 'student'),
(619, 'Atawn', 'physics', 'grGx*i&rVOC', 'student'),
(620, 'Archer', 'mech', '>A(K^?:Ai<', 'student'),
(621, 'Askel', 'ee', 'wj2NcVik2', 'student'),
(622, 'Aswin', 'ee', 'y9^hx7x,P', 'student'),
(623, 'Alonso', 'bio', '`rRfDSq;o', 'student'),
(624, 'Ares', 'aero', '+`WJqMjr0F?JR9', 'student'),
(625, 'Alison', 'aero', 'Er#LL/hx.', 'student'),
(626, 'Aksel', 'mech', 'S2`n#H;$6|', 'student'),
(627, 'Amon', 'bio', '(!q8=(m2', 'student'),
(628, 'Autolucus', 'ee', 'buG)d)93Q', 'student'),
(629, 'Ahmik', 'civil', 'fU`R1<_LLC`', 'student'),
(630, 'Arje', 'aero', '6m|KKdbB', 'student'),
(631, 'Ashraf', 'chem', '-@D#,aGp', 'student'),
(632, 'Abelard', 'bio', '8$61@Ll+OH', 'student'),
(633, 'Agustin', 'civil', 'FZSIgRuFia.F!J', 'student'),
(634, 'Aden', 'meta', 'QKtc:v._H', 'student'),
(635, 'Aeolus', 'aero', 'q$4o7%tH@P', 'student'),
(636, 'Ajit', 'meta', 'es#$kkDg', 'student'),
(637, 'Alun', 'physics', 'Xw-}>.]#An', 'student'),
(638, 'Albern', 'meta', '9vj4~3!~RHiw', 'student'),
(639, 'Anker', 'civil', 'XpjH&OOf9.', 'student'),
(640, 'Archie', 'mech', '.z2_S#^)[2m}', 'student'),
(641, 'Ahmik', 'ee', 'QNnv-kJH]y2u7', 'student'),
(642, 'Angada', 'physics', '7#+w!_Ue4sL+', 'student'),
(643, 'Akiva', 'ee', 'YCz[R)F<u', 'student'),
(644, 'Alger', 'civil', 'qf(#m.7o,', 'student'),
(645, 'Acario', 'aero', 'zlQigzJ8t14@', 'student'),
(646, 'Adonis', 'mech', '0Ip.1&5I+K^S8', 'student'),
(647, 'Asvin', 'cse', '|eT*D1*d', 'student'),
(648, 'Austen', 'civil', '!xeR30[Ot<2>$H', 'student'),
(649, 'Arunta', 'civil', 'P7BW-2D&NS.fP', 'student'),
(650, 'Antoni', 'civil', '?ap>H4Ol>T}@', 'student'),
(651, 'Abernethy', 'ee', 'F]C4$]k\riRAV>', 'student'),
(652, 'Agatone', 'meta', ':YG+O5}Q5|', 'student'),
(653, 'Anjuman', 'bio', 'b)R(=!NS7G', 'student'),
(654, 'Ahearn', 'meta', 'H9yg0q^$7', 'student'),
(655, 'Alphonse', 'aero', '(I8X2#%9=(', 'student'),
(656, 'Asija', 'physics', '83N@yo@hxdxr', 'student'),
(657, 'Atawn', 'civil', '$93@8Zy3j[D', 'student'),
(658, 'Avner', 'chem', ']<9G{HSg.', 'student'),
(659, 'Ayush', 'bio', ';^5,8*>I,J}7I', 'student'),
(660, 'Albin', 'chem', 's,S$sB2ZC6@>M', 'student'),
(661, 'Amistad', 'meta', '>[FuV6xy3&U6', 'student'),
(662, 'Amato', 'meta', 'o,;Q;9/A2', 'student'),
(663, 'Amal', 'ee', 'x[W$Yi>_S);Z,', 'student'),
(664, 'Atman', 'bio', 'M+,Geu?y', 'student'),
(665, 'Arsenio', 'meta', 'vYZ:Cij,k-zwfC', 'student'),
(666, 'Apache', 'cse', '-b~71SuD', 'student'),
(667, 'Asija', 'cse', '7Z$SR1_x>5:', 'student'),
(668, 'Ainsley', 'bio', '5=RoJ/G#', 'student'),
(669, 'Amirov', 'mech', 'B%-pmZSb{', 'student'),
(670, 'Adrian', 'ee', '}>[T:&S945$p', 'student'),
(671, 'Annan', 'mech', 'wyXnJ$X,USw`}', 'student'),
(672, 'Apari', 'cse', '*[`]>>hf', 'student'),
(673, 'Akshay', 'civil', 'YK*11;CknY-', 'student'),
(674, 'Azim', 'meta', 'b12e=>/V(@c6W', 'student'),
(675, 'Aitan', 'ee', '*:A[E::_]1?+', 'student'),
(676, 'Acuzio', 'ee', 'xX|278A@@', 'student'),
(677, 'Abdullah', 'physics', '#KQ*yQZ,', 'student'),
(678, 'Antiochus', 'civil', 'A7H*TquiGsT`FR', 'student'),
(679, 'Albern', 'physics', 'DU#p3/_o-:<', 'student'),
(680, 'Amador', 'bio', '!UD#^1;KxmXj0', 'student'),
(681, 'Ajax', 'cse', '+B;bI]QNn', 'student'),
(682, 'Adonis', 'mech', 'AJ9W9W$@F', 'student'),
(683, 'Asher', 'meta', '^mQ8Y<edS,', 'student'),
(684, 'Amory', 'mech', 'I%Y(<J2:k', 'student'),
(685, 'Axton', 'civil', 'jgb@_OPEg$T', 'student'),
(686, 'Arundel', 'chem', '[QW&j;z!I', 'student'),
(687, 'Andreus', 'civil', '(FT~Uz^IxY', 'student'),
(688, 'Alvis', 'cse', '!@m`p40u', 'student'),
(689, 'Atalik', 'cse', 'G`pA+q[%pz3,o', 'student'),
(690, 'Ambar', 'mech', 'Kyr$q^h}d78N%', 'student'),
(691, 'Aksel', 'meta', 'q}<jr`JGx', 'student'),
(692, 'Azzan', 'civil', '7@sff7s&H%EYd|', 'student'),
(693, 'Anoke', 'chem', '1K^XnLTy:JlY$U', 'student'),
(694, 'Aurelius', 'chem', 'HjPk_Ji=^nhj@', 'student'),
(695, 'Antigonus', 'civil', '^v`ETDRb,Yx', 'student'),
(696, 'Arion', 'aero', '^gW)cR1m;', 'student'),
(697, 'Aleron', 'ee', 'y{|zne#]P7Ys', 'student'),
(698, 'Akiva', 'civil', 'Pk#I(HVI{', 'student'),
(699, 'Ares', 'ee', '6-B%)b3!', 'student'),
(700, 'Arwin', 'civil', 'A1JtFfF||4m$', 'student'),
(701, 'Apostolos', 'ee', 'BRo&PZ<^.N2', 'student'),
(702, 'Anoke', 'bio', 'G^&E5bg)SWN{q', 'student'),
(703, 'Avan', 'ee', 'fiI*A,@m6N-', 'student'),
(704, 'Aziz', 'bio', '5h4J;J@<by', 'student'),
(705, 'Antoni', 'physics', 'm3i`:zQ,J', 'student'),
(706, 'Adriel', 'aero', 'OU+@R9;^N', 'student'),
(707, 'Anshul', 'aero', '}2h2Sj;{K', 'student'),
(708, 'Alric', 'cse', '!q~5ERQ7vo', 'student'),
(709, 'Alun', 'civil', '1yWF,tTd5(.c', 'student'),
(710, 'Alvis', 'chem', 'a*p1RF#tFv71', 'student'),
(711, 'Adony', 'chem', 'M}y];l4q~L2k', 'student'),
(712, 'Argus', 'civil', ',s$](4`@', 'student'),
(713, 'Avram', 'chem', '1]k+yo8$6},zb', 'student'),
(714, 'Abram', 'civil', 'su7J!RUq^>', 'student'),
(715, 'Arran', 'meta', '7)$dEp]-IVL', 'student'),
(716, 'Adalardo', 'physics', 'O-WwNvsk', 'student'),
(717, 'Angwyn', 'bio', 'NjRX4RLpKAM', 'student'),
(718, 'Apostolos', 'physics', '8o6/d48g', 'student'),
(719, 'Abdullah', 'cse', '&0Ert,00UV3_NR', 'student'),
(720, 'Avery', 'chem', 'BJ5Q@RL|HC~*)', 'student'),
(721, 'Amistad', 'ee', '7f^ys]u', 'student'),
(722, 'Alder', 'aero', '[:IZ/oDl7n', 'student'),
(723, 'Ashton', 'aero', 'q(O6DZB:', 'student'),
(724, 'Aristotle', 'physics', ';4KD]m8VD', 'student'),
(725, 'Algernon', 'physics', '(CC!x!c(NEdY', 'student'),
(726, 'Alroy', 'meta', 'VCm?nft}A', 'student'),
(727, 'Arsen', 'chem', 'L@d2W/W&P', 'student'),
(728, 'Abdullah', 'ee', 'I+:1n\Zy0(|a48', 'student'),
(729, 'Allambee', 'physics', 'Nq$sHmsZw8]', 'student'),
(730, 'Ansari', 'aero', '$6f```wQlx#', 'student'),
(731, 'Ashraf', 'cse', 'LHZ>g0HSt#', 'student'),
(732, 'Avan', 'aero', 'axK),[-!{f70h4', 'student'),
(733, 'Adrian', 'aero', '(vN)/uwO4yo9', 'student'),
(734, 'Azzan', 'mech', 'n0IIM1~%}&SB;', 'student'),
(735, 'Abbott', 'aero', 'BZBNjiL7F-,', 'student'),
(736, 'Aran', 'aero', '>ojgLh@q*Y', 'student'),
(737, 'Adalrico', 'civil', 'jBM_^%|Zj0p', 'student'),
(738, 'Algernon', 'mech', 'T0xPLgK~', 'student'),
(739, 'Aemilius', 'aero', '&%f,@/h=z&Gw', 'student'),
(740, 'Absalom', 'meta', '#X}AEG>7', 'student'),
(741, 'Araluen', 'aero', 'u}:%(@.\\%bq<r&', 'student'),
(742, 'Avinash', 'physics', 'cXkhp|4^/P`jI', 'student'),
(743, 'Alun', 'physics', 'sleU,;}gc', 'student'),
(744, 'Alwan', 'civil', 'V#]}^a~+w[', 'student'),
(745, 'Abbott', 'chem', 'lz+(mjo:~', 'student'),
(746, 'Anton', 'physics', '0g7bVAzEs_', 'student'),
(747, 'Archard', 'chem', '4kC8wwx{TX=', 'student'),
(748, 'Anirudhh', 'physics', 'G,?n#q&IR', 'student'),
(749, 'Ashutosh', 'chem', 'f3R#;6nbxA>:j', 'student'),
(750, 'Alford', 'cse', '&6SQq#AJI', 'student'),
(751, 'Aswin', 'cse', 'yT_rXhToS)uHtQ', 'student'),
(752, 'Abram', 'civil', 'X&4,#eLk5)|fv', 'student'),
(753, 'Apostolos', 'meta', 'z@=8/wUl', 'student'),
(754, 'Absalom', 'mech', '6*hBbXn~<}uw', 'student'),
(755, 'Aldred', 'physics', '.eF=G-ve;f', 'student'),
(756, 'Adolph', 'meta', 'kv7E|;8Wi*a', 'student'),
(757, 'Arnaud', 'civil', '0f-~7F|i', 'student'),
(758, 'Arkwright', 'cse', 'Hc+2$`d{z1;D', 'student'),
(759, 'Admes', 'civil', '1Iu^^*F9Oo#7', 'student'),
(760, 'Alwyn', 'physics', 'i3A#fV[FK9ZE', 'student'),
(761, 'Alger', 'cse', 'i=$wlv%1+', 'student'),
(762, 'Aemilius', 'ee', '^dH!dk!]t', 'student'),
(763, 'Akiva', 'ee', 'z@!S<WD@oHdmW', 'student'),
(764, 'Alden', 'cse', '\ZDKa_NRdGXe{', 'student'),
(765, 'Arsen', 'mech', 'kX*-+r/', 'student'),
(766, 'Ancel', 'ee', 'mA!bJQt-vd', 'student'),
(767, 'Abban', 'chem', '1Dq9*1h,FO^F', 'student'),
(768, 'Abba', 'meta', '@Tx)i%#3,?', 'student'),
(769, 'Arnold', 'physics', 'j7]IlK?P{,a/Hu', 'student'),
(770, 'Adnan', 'ee', '`MewxT*:', 'student'),
(771, 'Alison', 'meta', ';^QEP*5wD]', 'student'),
(772, 'Allister', 'mech', 'D4q~yTj.', 'student'),
(773, 'Aylwin', 'civil', 'Z^oh!9dZ(6', 'student'),
(774, 'Ashraf', 'cse', 'CXTt{2-%1', 'student'),
(775, 'Amistad', 'cse', 'XWu4k9cy`2<wm[', 'student'),
(776, 'Avon', 'ee', '1n(WI)7~Yf', 'student'),
(777, 'Acacio', 'meta', 'RHGa=[_2>mme', 'student'),
(778, 'Ashby', 'ee', 'j`B9QN;o8hM<?]', 'student'),
(779, 'Ariel', 'mech', '6QBBgm$H7Rhsh', 'student'),
(780, 'Adler', 'civil', '$pCg-1>=', 'student'),
(781, 'Ashwini', 'civil', 'x;Z_C^aW}GS[G$', 'student'),
(782, 'Aaron', 'cse', '`aCj(iP2KBjE', 'student'),
(783, 'Alexas', 'ee', 'cd+@<6b].W2)', 'student'),
(784, 'Alan', 'mech', '0NGCSNG,1>', 'student'),
(785, 'Arpiar', 'cse', '4{8y3>%jt29Q', 'student'),
(786, 'Almon', 'physics', 't3?u>C<(<^', 'student'),
(787, 'Ansley', 'civil', 'y0k2_yM0', 'student'),
(788, 'Arthus', 'civil', 'cScqlei+/1C@*%', 'student'),
(789, 'Adir', 'civil', 'n/^7;>q3', 'student'),
(790, 'Amrit', 'meta', 'iJs)_}3hA', 'student'),
(791, 'Arun', 'bio', 'q(v[<=5b&y', 'student'),
(792, 'Alphonse', 'ee', 'Ef#A)[XQ-}s*5V', 'student'),
(793, 'Averill', 'physics', '/~E!U]<^6z7', 'student'),
(794, 'Algren', 'ee', '2<HB>)`R:P|RF', 'student'),
(795, 'Aegeon', 'cse', 'SCfJu={dw,e', 'student'),
(796, 'Acario', 'mech', '^NS3kW^]', 'student'),
(797, 'Alejandro', 'ee', 'wUtk<sS@>m', 'student'),
(798, 'Ahren', 'bio', 'Gl98`CW$oE}51f', 'student'),
(799, 'Aristotle', 'aero', '+|3`M1>8Qga*', 'student'),
(800, 'Arana', 'civil', '&TQ/as.<YmCq', 'student'),
(801, 'Alber', 'ee', 'RlKy$}I5E-', 'student'),
(802, 'Ashur', 'ee', 'iOGpM$xZ>C=TP', 'student'),
(803, 'Antipholus', 'cse', '!:3lS;&({8O-R', 'student'),
(804, 'Allister', 'physics', '+N,8Y5t,VbR4U', 'student'),
(805, 'Atworth', 'meta', 'H_6rCX$bTW', 'student'),
(806, 'Amon', 'physics', '<ymj$:NI!HY2', 'student'),
(807, 'Ammon', 'ee', 'xQl`|Gp]u', 'student'),
(808, 'Adelard', 'cse', 'EBPwWao', 'student'),
(809, 'Alvis', 'physics', 'm51=&1X4;L', 'student'),
(810, 'Ajatashatru', 'physics', 'b^mx]=5WuH', 'student'),
(811, 'Anoke', 'bio', 'zD~uXGBLxoy%n;', 'student'),
(812, 'Astin', 'cse', ']lD@gwPcE](q', 'student'),
(813, 'Abi', 'ee', 'rq6-f[kqMVU', 'student'),
(814, 'Alston', 'civil', '_BoYStB`', 'student'),
(815, 'Aswad', 'physics', 'lKj9PW*}iT', 'student'),
(816, 'Adrastos', 'mech', '4;:_pu+9Gl', 'student'),
(817, 'Alford', 'physics', 'WoM^yRi^G', 'student'),
(818, 'Adair', 'mech', '5;,6P_<CfT5o', 'student'),
(819, 'Atworth', 'aero', 'Z(S&fDYQ.Smq', 'student'),
(820, 'Aleser', 'cse', '&0Y;1duIa$.J', 'student'),
(821, 'Aldwin', 'chem', '+Ia<(fMLSKl', 'student'),
(822, 'Akello', 'chem', '9_1ws00ac^g', 'student'),
(823, 'Antal', 'mech', 'Hzq#q#f(R*a_', 'student'),
(824, 'Adelmo', 'aero', 'XZ/rt=)nj', 'student'),
(825, 'Almo', 'civil', '2TJ<_B[W6>^}', 'student'),
(826, 'Adrian', 'mech', 'O=-K@8!IUap!', 'student'),
(827, 'Adeodatus', 'civil', 'tu7+pL6iF(C~', 'student'),
(828, 'Alderney', 'aero', 't+5i!!eME-75O', 'student'),
(829, 'Ashford', 'cse', '}otD]yFBiK[MR', 'student'),
(830, 'Aleser', 'ee', '#Bur2_t;', 'student'),
(831, 'Alejandro', 'cse', 'CBKMbKA}p/(', 'student'),
(832, 'Anshul', 'mech', 'Wu4Ha6a9|gcoa', 'student'),
(833, 'Abernethy', 'meta', ',u0PwUe,', 'student'),
(834, 'Antonio', 'ee', 'sVRYms{4^d', 'student'),
(835, 'Alden', 'ee', '%uz>G*<%6}}*-', 'student'),
(836, 'Abiel', 'civil', 'hr~`q+ABco#', 'student'),
(837, 'Arkwright', 'aero', 'RmvPJi7<l2?Q', 'student'),
(838, 'Azim', 'bio', 'S>}l(Q+fB', 'student'),
(839, 'Adel', 'aero', '$gK0gV;2+ic|{U', 'student'),
(840, 'Alford', 'aero', 'pHY#II(%l-r_r', 'student'),
(841, 'Alric', 'meta', 'fJUIQmvrDcr', 'student'),
(842, 'Abernethy', 'mech', '[AZf.g|8', 'student'),
(843, 'Atwell', 'chem', 'f%a)9mbm2z},', 'student'),
(844, 'Anton', 'mech', 'r>lHwT.qDOz', 'student'),
(845, 'Akira', 'cse', 'aL5|yoA*>Tu', 'student'),
(846, 'Ashon', 'meta', '*=g(4``I?', 'student'),
(847, 'Aldwin', 'cse', 'a;1HArs', 'student'),
(848, 'Atworth', 'bio', 'H<PP}M|l;y(X', 'student'),
(849, 'Amin', 'ee', '@gN^l[c-${2', 'student'),
(850, 'Alwyn', 'chem', 'F=yJFI:p', 'student'),
(851, 'Acuzio', 'cse', 'VJJ?QW34', 'student'),
(852, 'Anstice', 'bio', '/*o.Sk+-)0;p;Q', 'student'),
(853, 'Arran', 'aero', 'aKulha@0', 'student'),
(854, 'Arkin', 'bio', 'xD)~b-yH', 'student'),
(855, 'Achilles', 'aero', '$;Gi_KB$qmtyP', 'student'),
(856, 'Ankit', 'meta', 'LT7~R)=Q(=', 'student'),
(857, 'Arnaud', 'cse', 'Hx|5C$-W;1', 'student'),
(858, 'Abbas', 'aero', '$d^*?ig%,e^7', 'student'),
(859, 'Adoni', 'physics', '4`w`Cbt>LXL*E', 'student'),
(860, 'Apache', 'ee', '3E)0.QVKb8E,i', 'student'),
(861, 'Amin', 'mech', 'M>CBq%)qT:}', 'student'),
(862, 'Adley', 'mech', '`q+i=@r>ZSJ_F4', 'student'),
(863, 'Asim', 'mech', 'qLqp=LE}6hX9', 'student'),
(864, 'Arvad', 'cse', 'njZ);TQ>bD', 'student'),
(865, 'Akello', 'aero', '?QYXNINws&6/)g', 'student'),
(866, 'Arun', 'bio', 'L!G#-}e|,C6%', 'student'),
(867, 'Anders', 'meta', '=E6}#ryU6/qNA', 'student'),
(868, 'Amirov', 'physics', '-I{@x3Q|^Xom', 'student'),
(869, 'Arvad', 'civil', ',2+_$t$>-6c?', 'student'),
(870, 'Aruiragus', 'physics', '7^FoXiNt', 'student'),
(871, 'Aldwyn', 'physics', 'z[v]joSqs3DhQ2', 'student'),
(872, 'Alexas', 'mech', 'XG&1-t-t*O&dt', 'student'),
(873, 'Amsden', 'civil', 'ay3c3ogm', 'student'),
(874, 'Adelphos', 'bio', 'b<X2y8aNO', 'student'),
(875, 'Acario', 'cse', '_BDN-$#0r/?O6#', 'student'),
(876, 'Ardley', 'cse', ';0)^rpXA9iB/|', 'student'),
(877, 'Anker', 'bio', 'vt_!HMW;', 'student'),
(878, 'Augustine', 'bio', '4RdIqq0>qISY*d', 'student'),
(879, 'Austell', 'chem', '`$QE`&.plQeU_', 'student'),
(880, 'Alonso', 'physics', ',bWMQ4F2+', 'student'),
(881, 'Alejandro', 'mech', '.um8~=R#;;Og', 'student'),
(882, 'Amador', 'mech', '=5/(lQ7O', 'student'),
(883, 'Arend', 'civil', 'F=rnj$%@G', 'student'),
(884, 'Alard', 'bio', 'vX`c,(%q0z%xh', 'student'),
(885, 'Archer', 'aero', '5wCJ.`qXPX|U', 'student'),
(886, 'Adrastos', 'cse', ':XHsh7Gqq', 'student'),
(887, 'Anwar', 'bio', 'linP|{r|U', 'student'),
(888, 'Athan', 'aero', '1]O+uP`.V+`', 'student'),
(889, 'Asuman', 'physics', 'C4!C8*ts', 'student'),
(890, 'Aladdin', 'meta', '<vN-C4oJ', 'student'),
(891, 'Albin', 'mech', '~5fEKe^I', 'student'),
(892, 'Avenall', 'physics', '1_#~|qT$', 'student'),
(893, 'Ashby', 'meta', 'rsKM(D1~9', 'student'),
(894, 'Archidamus', 'aero', 'X[X?JB9F#Kc', 'student'),
(895, 'Anshuman', 'cse', ';SS:EBFcGm', 'student'),
(896, 'Aldrich', 'chem', 'DKj=/4D>glD', 'student'),
(897, 'Argus', 'meta', '/M5_PLhi*wHy^&', 'student'),
(898, 'Adley', 'meta', 'JX7%P/$/4ghJ', 'student'),
(899, 'Abram', 'civil', 'MWb29j?/R', 'student'),
(900, 'Axel', 'civil', 's|E7.(jvm6', 'student'),
(901, 'Atalik', 'aero', '{?+~/YEO', 'student'),
(902, 'Armande', 'meta', 'cn}nKnZ+W18+9', 'student'),
(903, 'Arion', 'mech', '2Ly!jWYC4', 'student'),
(904, 'Akil', 'physics', '{BZ-?sLgnO', 'student'),
(905, 'Anselm', 'meta', '$;O2:S!m&83Q^', 'student'),
(906, 'Anoop', 'aero', 'HGS`7ll?Pa9]Q', 'student'),
(907, 'Arnold', 'meta', 'JH{XxneBzu>DT', 'student'),
(908, 'Ahren', 'mech', 'W4Urq/L#+', 'student'),
(909, 'Aiken', 'cse', 'BwDH=X2|<i', 'student'),
(910, 'Amiens', 'chem', 'gNgUFayE^', 'student'),
(911, 'Athelstan', 'meta', '+s_FeIWYV93K', 'student'),
(912, 'Armstrong', 'mech', 'fWHx;9^=!6J', 'student'),
(913, 'Adolfo', 'aero', 'CYFX%dwP', 'student'),
(914, 'Antoni', 'ee', '|U>Lf_Y<', 'student'),
(915, 'Ajit', 'meta', '#weFd@FaxR?:!', 'student'),
(916, 'Amado', 'bio', 'cX8DLgW,RJyC', 'student'),
(917, 'Aubrey', 'civil', 'tP),wAS_e/', 'student'),
(918, 'Amsden', 'mech', '^79k5JR^=', 'student'),
(919, 'Askel', 'meta', '7_jBxd`-o-{', 'student'),
(920, 'Apemantus', 'civil', '%A8K0N`r', 'student'),
(921, 'Adhamh', 'aero', 'W>:8K5]bHA', 'student'),
(922, 'Abram', 'aero', 'MY5kf42G._zuu', 'student'),
(923, 'Allen', 'physics', 'c*Up}dIY', 'student'),
(924, 'Adley', 'ee', '(9y*:iJcYDzX;2', 'student'),
(925, 'Anu', 'aero', 'A09d(gNFJ', 'student'),
(926, 'Anthony', 'chem', 'W>x^QuCC,C', 'student'),
(927, 'Ashford', 'chem', '*s{[uUNY3', 'student'),
(928, 'Addo', 'ee', '>SU,#M@9^MF[_*', 'student'),
(929, 'Agilard', 'chem', 'M=9JPTqK-0/xf,', 'student'),
(930, 'Adelais', 'meta', '^Nv^RQpU', 'student'),
(931, 'Abban', 'chem', 'u^M2^!kJ8+AK', 'student'),
(932, 'Augustine', 'ee', 'j1/qja`=9y2X%', 'student'),
(933, 'Ahmik', 'mech', 'WW|Bnk!*McWF`F', 'student'),
(934, 'Anno', 'meta', 'm/susLY8OW<S}', 'student'),
(935, 'Absalom', 'mech', '}=====]`9Yy3', 'student'),
(936, 'Aldous', 'bio', 'HiZRlu1od?#qE', 'student'),
(937, 'Anders', 'chem', 'B1<MsW:xLB0', 'student'),
(938, 'Anno', 'bio', '45Z%G4@JD*', 'student'),
(939, 'Alun', 'civil', 'xlEi_QYe2dt?', 'student'),
(940, 'Asparouh', 'mech', '!/TjH4s+Fo', 'student'),
(941, 'Atworth', 'mech', 'YuKQ3LzL', 'student'),
(942, 'Alfred', 'cse', '>3uY/D5I)', 'student'),
(943, 'Adam', 'aero', 'GdBxzPE]', 'student'),
(944, 'Akiyama', 'meta', 'Fc#y}`C]fV', 'student'),
(945, 'Akira', 'aero', 'JrlyZp$ul?Csr)', 'student'),
(946, 'Arviragus', 'cse', 'J&o}._.@/Ygl', 'student'),
(947, 'Alder', 'bio', 'u]oB-B!8X^v', 'student'),
(948, 'Aruiragus', 'physics', 'r]yN-ER)a%{`Q', 'student'),
(949, 'Arend', 'physics', '<<SLY&`ID9RM;s', 'student'),
(950, 'Achilles', 'civil', 'bI4TyF]:X', 'student'),
(951, 'Amaro', 'meta', 'h2H>L|p2glMZ', 'student'),
(952, 'Amirov', 'mech', 'o~yvxw&pqg', 'student'),
(953, 'Adel', 'chem', 'Y|Z8t0il*GS', 'student'),
(954, 'Anay', 'physics', 'n&NNpIYDVj', 'student'),
(955, 'Alden', 'physics', '~^Uzn`5Z1J(', 'student'),
(956, 'Augustus', 'chem', '?/*ig={It', 'student'),
(957, 'Apollo', 'bio', 'aST/0@r9(N-', 'student'),
(958, 'Antigonus', 'civil', '>jpyEC.Hr', 'student'),
(959, 'Aronne', 'cse', '=84R5eie<]K#JF', 'student'),
(960, 'Androcles', 'aero', 'U6w^ghMq2Rz', 'student'),
(961, 'Anyon', 'aero', 'G8*wH;WfT', 'student'),
(962, 'Angada', 'meta', 'Cn&kiMW&V', 'student'),
(963, 'Aristotle', 'aero', 'fEFmgsmmuB/BZ~', 'student'),
(964, 'Ayush', 'aero', 'W)`!8gBc=', 'student'),
(965, 'Adonis', 'civil', ':PTvnYduP)*i*', 'student'),
(966, 'Astin', 'physics', '\0L9yUI4g', 'student'),
(967, 'Aric', 'mech', '7(%dl!)+', 'student'),
(968, 'Anant', 'cse', ',_`3ofLEz}T3', 'student'),
(969, 'Abaddon', 'civil', 'ZzfV&u(kH#.', 'student'),
(970, 'Arkin', 'mech', 'v8!5Z(i', 'student'),
(971, 'Ankur', 'cse', 'GAOg({;XKK*', 'student'),
(972, 'Artie', 'meta', '9[@>hz*n8', 'student'),
(973, 'Armon', 'meta', 'THw%b]GX5A<*', 'student'),
(974, 'Amrit', 'cse', '*8esD0Em', 'student'),
(975, 'Adeben', 'chem', 'o/K]Q0-_hm', 'student'),
(976, 'Akello', 'ee', 'yKgg7]$9@=z83', 'student'),
(977, 'Atley', 'aero', 'rALaqk(I_', 'student'),
(978, 'Arsenio', 'ee', 'C3jmyvlrZsdr', 'student'),
(979, 'Apari', 'ee', 'APn%>L(e2Rx', 'student'),
(980, 'Aitan', 'bio', '<t%@8Cc5gt', 'student'),
(981, 'Addo', 'ee', 'xjqkH]]xQM+k', 'student'),
(982, 'Acacio', 'civil', '.nwa,AzxfrU7)}', 'student'),
(983, 'Atmajyoti', 'bio', 'U/8p#Un7', 'student'),
(984, 'Ambrose', 'mech', ':!:N;*XjU{', 'student'),
(985, 'Ansel', 'physics', 'K18Uo>#Wzr5z', 'student'),
(986, 'Ankur', 'ee', 'vJ[5aP^[(6AqN', 'student'),
(987, 'Aswin', 'mech', '/%~JED,]', 'student'),
(988, 'Armand', 'physics', 'L:,c%kn,Ii', 'student'),
(989, 'Adar', 'meta', '8P8Zr2*&[yE.-V', 'student'),
(990, 'Ashlin', 'aero', 'hM,=}M#9', 'student'),
(991, 'Ashutosh', 'aero', 'm4r/uQ`~0-$1', 'student'),
(992, 'Ahearn', 'bio', '.$JSP`xUjr&', 'student'),
(993, 'Adelino', 'bio', 'q{XvZ|I)pYH', 'student'),
(994, 'Alroy', 'meta', 'CI>D)??2Q', 'student'),
(995, 'Abir', 'cse', '+3}Z|JUK&z.K?', 'student'),
(996, 'Abir', 'mech', ')$K?{c|xiVKt', 'student'),
(997, 'Algernon', 'aero', ']YTp(ddGFw|', 'student'),
(998, 'Achyuta', 'meta', 'qV0L?adg}aL', 'student'),
(999, 'Arje', 'chem', '%|SmD5]v^Ga', 'student'),
(1000, 'Aurelio', 'bio', 'WX$.PXi);9c]', 'student'),
(1001, 'Ardley', 'meta', 'o?rh:;~V', 'student'),
(1002, 'Anil', 'aero', 'GE;P#X/-K$Q', 'student'),
(1003, 'Amory', 'ee', '.:KT{BwM', 'student'),
(1004, 'Albern', 'bio', 'GFi>vSOda)7z,', 'student'),
(1005, 'Adar', 'bio', 'V}Fio0Pk:y5K6r', 'student'),
(1006, 'Allard', 'mech', 'gnDW]ZXJQzj5', 'student'),
(1007, 'Adhamh', 'mech', '3H32=HFPSN', 'student'),
(1008, 'Anastasius', 'chem', 'V4_bRV[wdk5s', 'student'),
(1009, 'Abe', 'aero', '_>boRiS3', 'student'),
(1010, 'Ankur', 'bio', 'G9v(p3Qx>_', 'student'),
(1011, 'Angelo', 'cse', 'EGw/-SbXOP', 'student'),
(1012, 'Aviv', 'civil', '4OIj#9r%k%$`s', 'student'),
(1013, 'Aziz', 'meta', 'j*7y90<<UEFQ&', 'student'),
(1014, 'Ardon', 'mech', '{!}y[`8.|gX{?', 'student'),
(1015, 'Alim', 'bio', '(OqHhO&[Mh', 'student'),
(1016, 'Alfred', 'mech', 'eD$0$.y{7', 'student'),
(1017, 'Abudemio', 'civil', '_<D?J>t5', 'student'),
(1018, 'Aled', 'mech', 'HDj2wqGncai', 'student'),
(1019, 'Aetos', 'chem', 'N1?N%3xDH58Ch', 'student'),
(1020, 'Aloysius', 'mech', '^=Mt!*#.gc}v', 'student'),
(1021, 'Anderson', 'civil', '>k[?=,F#', 'student'),
(1022, 'Ashutosh', 'meta', '8fKiGRol', 'student'),
(1023, 'Akshay', 'chem', '8,SZ_Ys{Xdg', 'student'),
(1024, 'Athos', 'ee', '-V^|s+=jHX)F5', 'student');
INSERT INTO `user` (`ID`, `name`, `dept_name`, `passwd`, `role`) VALUES
(1025, 'Ashburn', 'meta', 'OSCDfm(1.!', 'student'),
(1026, 'Arana', 'ee', 'vS)Y[-0iVz', 'student'),
(1027, 'Alphonse', 'ee', 'fy`^q1Fw', 'student'),
(1028, 'Adin', 'mech', '(9fT+s6PBog', 'student'),
(1029, 'Abisha', 'physics', 'U{8`hmaX]r#j=', 'student'),
(1030, 'Anil', 'aero', 'vmk-+b=x', 'student'),
(1031, 'Ashon', 'chem', '?tZ(s|zg`|X,U', 'student'),
(1032, 'Ajitabh', 'meta', 'A3TJ^NEgV9', 'student'),
(1033, 'Amaro', 'bio', 'o~YJ-#82#:UO', 'student'),
(1034, 'Aleron', 'chem', '62K75Y>Bn*m', 'student'),
(1035, 'Abhijit', 'chem', '1[*hF=`k', 'student'),
(1036, 'Asvathama', 'civil', 'H~uP~159G]f', 'student'),
(1037, 'Admes', 'bio', 'jlWg58jnZ', 'student'),
(1038, 'Ancel', 'cse', 'iD(_!eTN&jxu5U', 'student'),
(1039, 'Ackley', 'bio', '+Fg?((OPc>I?AE', 'student'),
(1040, 'Allister', 'meta', '6+:afC$`', 'student'),
(1041, 'Afro', 'civil', 'rOI%:.yq5N7', 'student'),
(1042, 'Abraham', 'cse', 'g,mPtl8WbR39', 'student'),
(1043, 'Ang', 'civil', '+$P#b{2{*BR', 'student'),
(1044, 'Adoni', 'civil', 'y,3x-X`', 'student'),
(1045, 'Adolfo', 'ee', '_U8rPf.@JqCZ', 'student'),
(1046, 'Alim', 'mech', '&N][:.NXr', 'student'),
(1047, 'Alex', 'chem', '48}$nf&P(W4', 'student'),
(1048, 'Aviv', 'mech', ':r2jAw5&(zo', 'student'),
(1049, 'Adley', 'meta', 'LCa^t84l|kjJ(', 'student'),
(1050, 'Altair', 'chem', '//KFqymgC', 'student'),
(1051, 'Adalardo', 'chem', 'B{De&Ppv&|Y', 'student'),
(1052, 'Akello', 'bio', '$F+s8[f<b,uE', 'student'),
(1053, 'Abejundio', 'aero', 'p}!d7skat(`^', 'student'),
(1054, 'Alwin', 'civil', 'Cc_68xL}x%fn2', 'student'),
(1055, 'Aubert', 'physics', ',&q#0Z~#', 'student'),
(1056, 'Achilles', 'chem', '!Fd0h$a[', 'student'),
(1057, 'Ackley', 'meta', ';PCqSaYRC5;XxT', 'student'),
(1058, 'Anil', 'bio', 'DLUaCc47`4', 'student'),
(1059, 'Alexas', 'bio', 'gC]f6^g@K!', 'student'),
(1060, 'Adolfo', 'aero', '6bVQ`#p/F0Uy~_', 'student'),
(1061, 'Arnaud', 'meta', 'Gg50G9Ms', 'student'),
(1062, 'Arley', 'mech', '=2RAFqYckb}', 'student'),
(1063, 'Ashok', 'cse', '[v;?zkuJ9[tu', 'student'),
(1064, 'Alcibiades', 'bio', '#N{V5.PLo', 'student'),
(1065, 'Atawn', 'ee', 'HtF5hz@=?f', 'student'),
(1066, 'Amol', 'physics', 'S^k`J46=r', 'student'),
(1067, 'Allan', 'cse', 'nVWDL)T3fwb', 'student'),
(1068, 'Agilard', 'bio', 'rbiP(EQ}Cf/', 'student'),
(1069, 'Arkwright', 'chem', 'tdPcf9j3', 'student'),
(1070, 'Alfonso', 'ee', 'DM6-FFgU:(%-', 'student'),
(1071, 'Atley', 'aero', 'eJz1=>yqY', 'student'),
(1072, 'Allen', 'bio', 'tL?~=pk7tc<Pv', 'student'),
(1073, 'Achilles', 'mech', 'Z+Fr|~`~D', 'student'),
(1074, 'Arwin', 'chem', '<S^L1:6-Y8', 'student'),
(1075, 'Alvah', 'aero', '`d:J.[tl#buyE', 'student'),
(1076, 'Atrayl', 'ee', 'p5<`n^|', 'student'),
(1077, 'Amato', 'ee', '%t.qq<BV%@Y', 'student'),
(1078, 'Admon', 'mech', 'v|+4_Z!<dp(kb', 'student'),
(1079, 'Ashliegh', 'bio', '^q9`g}1m&6K', 'student'),
(1080, 'Abhi', 'meta', '#Y$r27_qyg%', 'student'),
(1081, 'Anoki', 'civil', '$uOyQ+[3}XbAT3', 'student'),
(1082, 'Allister', 'aero', '9E.&;!Yz`b0', 'student'),
(1083, 'Adar', 'civil', '>i!U}~%yE<A', 'student'),
(1084, 'Abdullah', 'cse', 'zWk*(8)u', 'student'),
(1085, 'Anirudhh', 'mech', 'GVdaNV1[O', 'student'),
(1086, 'Ahren', 'chem', 'o6pqGhB>`V9U&N', 'student'),
(1087, 'Almo', 'physics', 'CBUcbzBCf', 'student'),
(1088, 'Abhi', 'civil', 'CQ*c},*$t_];', 'student'),
(1089, 'Arland', 'mech', 'z8mD$xaP;bJ?', 'student'),
(1090, 'Arlen', 'bio', 'ir$(~5$)A?', 'student'),
(1091, 'Ashraf', 'aero', '7|>1.53T', 'student'),
(1092, 'Austell', 'cse', 'i;W?<KJM', 'student'),
(1093, 'Ankit', 'civil', 'Hg9r@/zrt7', 'student'),
(1094, 'Atrus', 'physics', 'DRL\0!;tO', 'student'),
(1095, 'Averell', 'meta', 'FLA]$I1Qo', 'student'),
(1096, 'Abhorson', 'mech', '-GzrU%(Y2A`', 'student'),
(1097, 'Arland', 'physics', 'Y@^eI.On$4:}', 'student'),
(1098, 'Agilard', 'aero', 'i#BzK??G+b', 'student'),
(1099, 'Amiel', 'chem', 'ApI}|QUMR]6', 'student'),
(1100, 'Alger', 'ee', '^hJ1@]_d', 'student'),
(1101, 'Ashok', 'chem', 'RO8[Sp38B#)3d', 'student'),
(1102, 'Abrasha', 'meta', 'VC;Z1lC?0bF', 'student'),
(1103, 'Arunta', 'mech', '0~C&;+fbx`f9Q', 'student'),
(1104, 'Annan', 'cse', 'Qlvr_5wx9F', 'student'),
(1105, 'Adalgiso', 'aero', '}GuqK@O5Ey+In', 'student'),
(1106, 'Adin', 'aero', 'W-Fc=I9!m', 'student'),
(1107, 'Attila', 'bio', ';e0402vMjlW', 'student'),
(1108, 'Abhishek', 'physics', 'B]ld_mBb}.bazc', 'student'),
(1109, 'Aswad', 'cse', 't]iPAw9O}`2LgW', 'student'),
(1110, 'Attila', 'ee', '@pZ0gi42ND', 'student'),
(1111, 'Adalrico', 'bio', '5NJo^ZVhgX/', 'student'),
(1112, 'Alleyne', 'civil', 'OP9M>Z(?.ZTOC', 'student'),
(1113, 'Averill', 'aero', 'wd,bJ$EUV~G(V', 'student'),
(1114, 'Alcander', 'meta', 'hX:Uv[C', 'student'),
(1115, 'Arion', 'civil', '})-}fjyF&7t`y', 'student'),
(1116, 'Aurek', 'chem', '&2G[6}cM', 'student'),
(1117, 'Ariel', 'aero', '7ev54%bF^<,', 'student'),
(1118, 'Arran', 'bio', 'O)(zqM*Qj', 'student'),
(1119, 'Art', 'ee', ',@$b.MC7h0JvZY', 'student'),
(1120, 'Arley', 'physics', 'bV:eaSRG|', 'student'),
(1121, 'Arley', 'cse', '8Ik2+M?h9Wt', 'student'),
(1122, 'Alfonso', 'mech', '2UY?uRB.', 'student'),
(1123, 'Abisha', 'ee', 'mCLH9x|/F', 'student'),
(1124, 'Archibald', 'mech', 'JRh$k%)Q$$(', 'student'),
(1125, 'Adelais', 'physics', 'K_DxJesY/2)', 'student'),
(1126, 'Arnett', 'ee', 'D=P?|u#zpEH@0', 'student'),
(1127, 'Aden', 'ee', 'fW7woX]l6>6q', 'student'),
(1128, 'Afro', 'chem', '%0Eb`az,', 'student'),
(1129, 'Ansley', 'physics', '6;qQzE280DU', 'student'),
(1130, 'Adonis', 'bio', 's8`g97wFkUrpT', 'student'),
(1131, 'Androcles', 'cse', '4*w%(jX![=%.c^', 'student'),
(1132, 'Aristo', 'civil', '&KPf{nG*~%%', 'student'),
(1133, 'Armen', 'civil', 'yQ<)p1H(hI', 'student'),
(1134, 'Armon', 'ee', '^R&^<fv,ar5', 'student'),
(1135, 'Amos', 'aero', 'Mc50Txz,iZv', 'student'),
(1136, 'Alika', 'meta', '`{<dz;QS', 'student'),
(1137, 'Amulya', 'meta', '$r2z@&?Rvuc)', 'student'),
(1138, 'Agosto', 'cse', 'ku,Yn7MwxR8D.', 'student'),
(1139, 'Amund', 'ee', 'i=Ta;^hD-3', 'student'),
(1140, 'Ambler', 'bio', 'Z/-($JBWC[p+', 'student'),
(1141, 'Alphonse', 'cse', '35uBVRz.gK', 'student'),
(1142, 'Angwyn', 'physics', '5%%76}~.', 'student'),
(1143, 'Aeneas', 'mech', '}/jV93VS', 'student'),
(1144, 'Arwin', 'physics', '[P-cv;_?+Io`(#', 'student'),
(1145, 'Abdieso', 'chem', '0`a*7fq*Z4Mqx', 'student'),
(1146, 'Alarbus', 'chem', '9PHSf(Z[8^G', 'student'),
(1147, 'Aubin', 'cse', 'nZI<kzrsX3g0gp', 'student'),
(1148, 'Alphonse', 'cse', 'Oks&?3$|*cw', 'student'),
(1149, 'Alderney', 'aero', 'XV)A`7;UmVQp&', 'student'),
(1150, 'Arran', 'bio', 'q_Egke?%j', 'student'),
(1151, 'Ashon', 'cse', '#jM`6_,F!g56r', 'student'),
(1152, 'Azi', 'cse', 'b]A1G^oN9', 'student'),
(1153, 'Adelino', 'cse', 'cu5<=H9fa', 'student'),
(1154, 'Avon', 'mech', '<UrDh^y]fu&*~A', 'student'),
(1155, 'Ansley', 'cse', 'HLVtM#>4U', 'student'),
(1156, 'Afro', 'ee', '{43Ecc$ko4', 'student'),
(1157, 'Alim', 'bio', '*JvM2)3g3;', 'student'),
(1158, 'Abhinav', 'ee', ']cZrup{M:', 'student'),
(1159, 'Amaroo', 'aero', 'We#3vgnMhP', 'student'),
(1160, 'Abel', 'meta', '@-vd_!cKbcdM', 'student'),
(1161, 'Anwell', 'meta', '_hY*,}f)?B', 'student'),
(1162, 'Alastair', 'aero', 'N8pi*%Zt/FaLl', 'student'),
(1163, 'Adiran', 'mech', 'vZpr@@js4[', 'student'),
(1164, 'Amol', 'meta', 'hh{`6Dj5hpTV', 'student'),
(1165, 'Ashwini', 'civil', 'xa#1E%>m', 'student'),
(1166, 'Ayush', 'cse', 'd-z|4<4^XFc', 'student'),
(1167, 'Ascot', 'ee', '{[EP;w0[W', 'student'),
(1168, 'Abel', 'meta', '8~pZDi@', 'student'),
(1169, 'Ailen', 'meta', 'yJy@FD$yX$', 'student'),
(1170, 'Amrit', 'chem', 'Q+wgm&/ZN+)#X', 'student'),
(1171, 'Arjun', 'cse', 'dv&(({nf5XPfA', 'student'),
(1172, 'Ardon', 'meta', 'IPH_},dN', 'student'),
(1173, 'Amul', 'ee', 'A~q`hONke2', 'student'),
(1174, 'Alistair', 'bio', 'YII3.Gg>`b', 'student'),
(1175, 'Amery', 'aero', 'm{Bk(xZGqyD?', 'student'),
(1176, 'Arion', 'meta', 'Mn=3]hCO~%', 'student'),
(1177, 'Alden', 'physics', 'LTQY26*Tf>Wr', 'student'),
(1178, 'Alaric', 'aero', 'tloz?[z_', 'student'),
(1179, 'Amit', 'aero', 'R*_`CJ0Y', 'student'),
(1180, 'Abisha', 'cse', 'Q>VXF5Wj:}DD', 'student'),
(1181, 'Armon', 'chem', 'RA}S]um!G<h', 'student'),
(1182, 'Aston', 'ee', '~&eZXQlR#|(=d', 'student'),
(1183, 'Art', 'mech', 'no$hAB^=5vxg', 'student'),
(1184, 'Ares', 'meta', '=R:Y861sQ', 'student'),
(1185, 'Ahmed', 'civil', 'DXnN;sE}vHipQ', 'student'),
(1186, 'Adelphos', 'aero', '.y^y<b35zv{F', 'student'),
(1187, 'Ali', 'cse', '7[a[@?bq', 'student'),
(1188, 'Abisha', 'physics', '|T?CY+53hZc67m', 'student'),
(1189, 'Atman', 'aero', 'IhP%^b_90;V', 'student'),
(1190, 'Atwater', 'bio', '2@S6J%K[f', 'student'),
(1191, 'Amida', 'meta', 'tGi8qu74#vF%', 'student'),
(1192, 'Anshuman', 'aero', 'e8St&0Kx`QFU', 'student'),
(1193, 'Avner', 'aero', 'nwS$)>P7', 'student'),
(1194, 'Ahearn', 'chem', 'q0fzf0Qt', 'student'),
(1195, 'Avrom', 'bio', '@q`tH3LH6@=6`@', 'student'),
(1196, 'Ashliegh', 'aero', 'vTY=:$CYub.ej', 'student'),
(1197, 'Adeipho', 'civil', ';SIAKvncPRvM^(', 'student'),
(1198, 'Armand', 'physics', 'bL3hz0GnT', 'student'),
(1199, 'Atharvan', 'aero', 'A!LBT{eLq{Bf', 'student'),
(1200, 'Adelbert', 'aero', '6@n5~cTRuYE', 'student'),
(1201, 'Atherton', 'cse', '3l__cBYSOE8G', 'student'),
(1202, 'Absalom', 'bio', '&GDnv-QQm', 'student'),
(1203, 'Adeipho', 'civil', '*:nfeK*$gY%E', 'student'),
(1204, 'Araluen', 'cse', 'xlY[,NN*$XF9(', 'student'),
(1205, 'Alder', 'civil', '`Re8tw3#uf1c-', 'student'),
(1206, 'Aiken', 'civil', 'b6QdErI5j', 'student'),
(1207, 'Aslak', 'cse', ']))WDSLnT@', 'student'),
(1208, 'Alder', 'cse', '^~g0#~{J_', 'student'),
(1209, 'Atawn', 'aero', 'QnSMVI{=a6>', 'student'),
(1210, 'Antipholus', 'bio', 'Y/`3l,K!U{X', 'student'),
(1211, 'Anish', 'chem', '8Iym}b?>G', 'student'),
(1212, 'Adhamh', 'civil', 'S-fy/e7$', 'student'),
(1213, 'Atalik', 'aero', 'nz~Q8a?P4u*R2', 'student'),
(1214, 'Audric', 'mech', 'L>8UQvj?F*', 'student'),
(1215, 'Amiel', 'bio', 'Ct79dyS2Z}mEL', 'student'),
(1216, 'Amul', 'aero', '%)U7Ujlb.Q__;1', 'student'),
(1217, 'Ares', 'physics', 'R8|c1#Xm^Z', 'student'),
(1218, 'Armando', 'civil', '$fx]M1e8', 'student'),
(1219, 'Alexas', 'aero', 'k*:mr/`Sj5~*>', 'student'),
(1220, 'Anoki', 'chem', '+P0([i:2', 'student'),
(1221, 'Apostolos', 'mech', 'V%U.<XD#hs&+Gj', 'student'),
(1222, 'Alberich', 'ee', ')Le+Sxg2', 'student'),
(1223, 'Arpiar', 'physics', 'vpeCs1?1hcr', 'student'),
(1224, 'Apollo', 'chem', 'XF,;<*5pC[9', 'student'),
(1225, 'Abdullah', 'cse', 'B6Z?MoZQAv`O', 'student'),
(1226, 'Acuzio', 'mech', '*vI@}s#H@n~/h%', 'student'),
(1227, 'Amiel', 'physics', 'OG}&$rY0K)', 'student'),
(1228, 'Alonso', 'ee', '(dq0-efT1A', 'student'),
(1229, 'Agilard', 'physics', 'CSRJZN{.|-5cB=', 'student'),
(1230, 'Alika', 'bio', ';?<2|4r5gz', 'student'),
(1231, 'Agilard', 'aero', 'J<|U5q~yt9[3zk', 'student'),
(1232, 'Arvind', 'bio', '7.|4x	c1#Hht9', 'student'),
(1233, 'Anoke', 'chem', 'ww4C[i-#i', 'student'),
(1234, 'Ankur', 'meta', '?o}x+_A?gyYA', 'student'),
(1235, 'Alison', 'chem', 'b[IiEj5#W$e)`n', 'student'),
(1236, 'Abe', 'mech', 'fyM*Z5w`y:9', 'student'),
(1237, 'Adelmo', 'chem', 'Y7wfqRR(x', 'student'),
(1238, 'Ashwini', 'civil', '~26&3ONFCF48J', 'student'),
(1239, 'Aquila', 'meta', '?jDRcV]M[Uw)ZR', 'student'),
(1240, 'Atherol', 'aero', '}C8zOb&3}WdE;e', 'student'),
(1241, 'Abe', 'physics', 'BAVWw1CbrnpR', 'student'),
(1242, 'Ackerley', 'bio', '?ViJPvQV', 'student'),
(1243, 'Akiva', 'bio', '+x)q/>li[Jhh', 'student'),
(1244, 'Atharvan', 'aero', '~HGtIEGpN|y', 'student'),
(1245, 'Adiran', 'chem', 'lwQaA+Kl7T', 'student'),
(1246, 'Avram', 'cse', '2.&h<(lJOO,', 'student'),
(1247, 'Abdel', 'physics', 'Yni*Clk4(2^', 'student'),
(1248, 'Aristedes', 'meta', '~o|Zel#h/zSW{', 'student'),
(1249, 'Amato', 'chem', 'x?K3jl3>;', 'student'),
(1250, 'Adriel', 'physics', ')Vtctm:Kk}m', 'student'),
(1251, 'Akiyama', 'chem', 'YS2R1Ix3nG7`5', 'student'),
(1252, 'Aldwin', 'aero', 'Q<;j6_&&Et|m(', 'student'),
(1253, 'Atrayl', 'aero', '5-g(%Jx&5}t|z', 'student'),
(1254, 'Aylwin', 'mech', '{MoMch{8{h', 'student'),
(1255, 'Alcander', 'ee', 'gEMp$i7[M', 'student'),
(1256, 'Abdul', 'chem', '>%>5kFI&YpL', 'student'),
(1257, 'Allard', 'aero', '%8n#/V(V', 'student'),
(1258, 'Ashish', 'meta', 'VgYI*=(T<uB', 'student'),
(1259, 'Akbar', 'aero', 'WL[^[Rxl[~2b', 'student'),
(1260, 'Adhamh', 'mech', 'R.@rxpAR', 'student'),
(1261, 'Arion', 'ee', '%m[quD9f|ru', 'student'),
(1262, 'Adelmo', 'aero', '0R=nU|?2', 'student'),
(1263, 'Arana', 'mech', '_C+yvUyQ', 'student'),
(1264, 'Ang', 'mech', '{s?h;CLU1@', 'student'),
(1265, 'Apemantus', 'ee', 'p%,_Dc~0|', 'student'),
(1266, 'Allister', 'cse', 'oRu#0-YI}C(iX', 'student'),
(1267, 'Averill', 'meta', ':%:.K!_Ty4!N', 'student'),
(1268, 'Adley', 'bio', 'tQQ{|+:iUje$m&', 'student'),
(1269, 'Avrom', 'chem', 'mk&Grq&+Q', 'student'),
(1270, 'Abiel', 'aero', 'HprLM.Fv<C-', 'student'),
(1271, 'Aubrey', 'mech', 'W3*Qs>$=Kw<V', 'student'),
(1272, 'Amar', 'bio', 'o8b}@q1}[;O', 'student'),
(1273, 'Alderney', 'chem', 'NPC`w`FzP~P>Y', 'student'),
(1274, 'Askel', 'physics', 'Ul{_FGWm3_m', 'student'),
(1275, 'Asvathama', 'bio', '+|^e8.z<8', 'student'),
(1276, 'Aylward', 'meta', '2N1Z,~YY', 'student'),
(1277, 'Arden', 'cse', '^?}49Z>t2Y=f', 'student'),
(1278, 'Abhay', 'meta', 'v:]kR?N)[Nf', 'student'),
(1279, 'Alwan', 'cse', 'pnsjNv<JG1n', 'student'),
(1280, 'Alric', 'bio', 'Ggc[]h#[mX', 'student'),
(1281, 'Alastair', 'chem', '][BEIy2%Pl', 'student'),
(1282, 'Alvin', 'meta', 'WH[l[Ugq#u.l#', 'student'),
(1283, 'Abisha', 'aero', 'OfW-.|?s=', 'student'),
(1284, 'Arlen', 'bio', 'yUSh#YdPO&zX', 'student'),
(1285, 'Aronne', 'cse', '>;u%^1v]z5BO|/', 'student'),
(1286, 'Athelstan', 'bio', '5Qq>u*fj]ZhU', 'student'),
(1287, 'Alistair', 'bio', '=0,jbFf)^X7_y', 'student'),
(1288, 'Amherst', 'cse', '/ZJIX>mOl4', 'student'),
(1289, 'Alfons', 'civil', ',O1`_=Qho[', 'student'),
(1290, 'Asvathama', 'chem', '+4=+7lsIz.', 'student'),
(1291, 'Ackerley', 'bio', '2hdHmq@p1', 'student'),
(1292, 'Anniruddha', 'ee', 'S6qSOyY~5R%', 'student'),
(1293, 'Asztrik', 'bio', '*n&|W#lTNuQ', 'student'),
(1294, 'Arjun', 'physics', 'N>pM3kS?', 'student'),
(1295, 'Anoke', 'mech', 'u=i-!XbWH8', 'student'),
(1296, 'Addo', 'ee', 'No)eyIL#d;(', 'student'),
(1297, 'Adrian', 'physics', 'KcZp%[hx>', 'student'),
(1298, 'Adony', 'bio', '@sRyut8eFqx3O', 'student'),
(1299, 'Abbott', 'ee', '$`!Gs:|9n2', 'student'),
(1300, 'Ahmik', 'bio', 'h%j>S|m^', 'student'),
(1301, 'Adir', 'bio', '-Tw%f73]', 'student'),
(1302, 'Acuzio', 'cse', 'p#=iaDe4o}~[', 'student'),
(1303, 'Abaddon', 'ee', '3_>HskyVCm', 'student'),
(1304, 'Ashburn', 'chem', '?AH!lI]P0h', 'student'),
(1305, 'Alok', 'aero', 'K}]d:I`Pi|x', 'student'),
(1306, 'Asim', 'mech', ']F|U=}n<w);q', 'student'),
(1307, 'Arval', 'chem', 'Fz840@K^LZ{96', 'student'),
(1308, 'Aiken', 'bio', 'Uuq1+:!|{t=', 'student'),
(1309, 'Adelmo', 'aero', 'rUd?hh5bU<', 'student'),
(1310, 'Alderney', 'aero', '@$d;QcO_W', 'student'),
(1311, 'Ashliegh', 'cse', 'Q]So=(z|rcuSlL', 'student'),
(1312, 'Alec', 'meta', 'C%/iNPUcH~LhLJ', 'student'),
(1313, 'Arley', 'physics', '5LRSJrN9.', 'student'),
(1314, 'Ashton', 'cse', 'g{8FwI*lpoT', 'student'),
(1315, 'Alden', 'chem', 'Od4tnh,2!N', 'student'),
(1316, 'Abhishek', 'bio', '*7b@4<SWe}1f', 'student'),
(1317, 'Ansel', 'bio', 'Tx(K.i;F}(Sr<', 'student'),
(1318, 'Adrastos', 'meta', 'hPKXOcJ?5nWx4z', 'student'),
(1319, 'Anirudhh', 'meta', '|oYjD21(keQ@G', 'student'),
(1320, 'Asuman', 'ee', 'M#9W4c1Q!tyD', 'student'),
(1321, 'Abi', 'physics', '|x3k}aXX', 'student'),
(1322, 'Arley', 'cse', 'j`)8$Aul|*{(]<', 'student'),
(1323, 'Archidamus', 'cse', 'iC4[JXS*|kw[', 'student'),
(1324, 'Ahmed', 'mech', 'DU)t_%%4GXF(', 'student'),
(1325, 'Aimery', 'physics', 'Q`@Xk5loN%%Fv', 'student'),
(1326, 'Adelard', 'aero', ')jl.f__X', 'student'),
(1327, 'Ascot', 'mech', 'lXi4urF.e', 'student'),
(1328, 'Anirudhh', 'ee', 'psi5;2^|=i', 'student'),
(1329, 'Alcibiades', 'cse', 'uHWU:a>1ygk', 'student'),
(1330, 'Aldridge', 'physics', 'F>WyIXnXV_$d', 'student'),
(1331, 'Akira', 'mech', 'Wo(HcT|5^-*V', 'student'),
(1332, 'Apostolos', 'chem', '};1p%p<[T|U6', 'student'),
(1333, 'Antoni', 'aero', '*0?R$`.J.jSxr', 'student'),
(1334, 'Asztrik', 'bio', 'A,sg1.uje&{9g', 'student'),
(1335, 'Arnett', 'bio', 'FZ<RGVTv`;?5!L', 'student'),
(1336, 'Atilla', 'cse', 'Kb|x.Nt40', 'student'),
(1337, 'Adney', 'cse', 'GL2+Cb+S', 'student'),
(1338, 'Ackerley', 'cse', '=C6as?c0', 'student'),
(1339, 'Art', 'ee', 'ycHeWuFTM?]gv', 'student'),
(1340, 'Anders', 'chem', '4d*ghQX@V', 'student'),
(1341, 'Aurelio', 'meta', '?Q!wsmok[\\_p', 'student'),
(1342, 'Alwan', 'ee', 'ltJbS_{u', 'student'),
(1343, 'Ajitabh', 'cse', 'SvE13,G^', 'student'),
(1344, 'Aubert', 'civil', '8lA3P_DH', 'student'),
(1345, 'Adelard', 'ee', '=L|Bqbt:', 'student'),
(1346, 'Adelard', 'bio', 'vO[,8n[+g&d!/D', 'student'),
(1347, 'Admes', 'chem', 'N-)gSa%sQnJ', 'student'),
(1348, 'Ares', 'aero', '+,KYA]51/zCncv', 'student'),
(1349, 'Avner', 'aero', 'o56.uzaAJY', 'student'),
(1350, 'Alastair', 'chem', 'flpljsG7', 'student'),
(1351, 'Augustine', 'physics', 'cFRbvNYPaK$<', 'student'),
(1352, 'Alcott', 'cse', 'i=$W`699w]', 'student'),
(1353, 'Alban', 'cse', 'Xy!XCzpO|68T6', 'student'),
(1354, 'Abban', 'chem', '}f-kfy=X.', 'student'),
(1355, 'Ares', 'bio', '+|%]9g2bL?', 'student'),
(1356, 'Aiken', 'physics', '`|z/NZ[^)}O', 'student'),
(1357, 'Abi', 'mech', 'eozo4s{~_O|', 'student'),
(1358, 'Ang', 'ee', '`1|i`x0D#{0', 'student'),
(1359, 'Alasdair', 'meta', 'h#N4z]g0', 'student'),
(1360, 'Alexis', 'civil', '31PoU;$lrjm', 'student'),
(1361, 'Alston', 'cse', 'k^P#Ckgy5?*6', 'student'),
(1362, 'Athelstan', 'aero', 'X&=-2a`nmX', 'student'),
(1363, 'Alderney', 'meta', 'BTE1MUZ9uil@6', 'student'),
(1364, 'Aleser', 'aero', 'YOt7wf9B~Tt0', 'student'),
(1365, 'Arkin', 'chem', '~<SOg{/R2Y!!X5', 'student'),
(1366, 'Aston', 'physics', '#F8|s=JM-', 'student'),
(1367, 'Aegeon', 'aero', '((z>)j&WIJ#A', 'student'),
(1368, 'Amiens', 'ee', 'zt}|^J6,(GHPa]', 'student'),
(1369, 'Amin', 'cse', '=Gq)>c$i', 'student'),
(1370, 'Agamemnon', 'meta', 'cvf<E@}2z%nfX]', 'student'),
(1371, 'Adriel', 'civil', '0{|ahHaX4', 'student'),
(1372, 'Alison', 'aero', 'yerpa?cib=Cg', 'student'),
(1373, 'Ariki', 'mech', '72tM9`%E`,0O', 'student'),
(1374, 'Aseem', 'bio', '%}uT)/b0-qX', 'student'),
(1375, 'Ashwin', 'cse', '|CXA/ov(u', 'student'),
(1376, 'Asvathama', 'bio', 'FW|!lNc9i', 'student'),
(1377, 'Atrus', 'bio', 'SLQnJd^g2HTxw', 'student'),
(1378, 'Admes', 'ee', 'g0@BrN`', 'student'),
(1379, 'Agabo', 'cse', ':ciT(HtC6eAi3', 'student'),
(1380, 'Avram', 'aero', 'pT0,St>OLF#', 'student'),
(1381, 'Apemantus', 'physics', '4iDqo!9&g,uHW8', 'student'),
(1382, 'Arana', 'cse', 'MEU`a-WUk', 'student'),
(1383, 'Aemilius', 'aero', 'wqc>!CGASY', 'student'),
(1384, 'Armon', 'meta', 'uD$(7oD:x`bNf>', 'student'),
(1385, 'Amory', 'mech', 'G:3-mIDY', 'student'),
(1386, 'Aemilius', 'physics', ']ImBc`ib^=', 'student'),
(1387, 'Anant', 'civil', ')ljP[9Hi{b)jr', 'student'),
(1388, 'Azariah', 'meta', '9]I<bN[,loXD', 'student'),
(1389, 'Aldwin', 'bio', '=Jk}ioV,', 'student'),
(1390, 'Ahearn', 'civil', 'XL;_Qa}&%n', 'student'),
(1391, 'Abi', 'civil', 'iDhe(nXC8a.*', 'student'),
(1392, 'Ajax', 'chem', 'ZNl4M:)94NHf_0', 'student'),
(1393, 'Anirudhh', 'ee', '!z$lihi^u=', 'student'),
(1394, 'Atharvan', 'cse', '~l/#u(i`ZKuco1', 'student'),
(1395, 'Albion', 'mech', '$LD3<x;c', 'student'),
(1396, 'Alasdair', 'meta', 'g=}=k4x+P4n', 'student'),
(1397, 'Aswin', 'mech', '+`q2UByw(', 'student'),
(1398, 'Ambler', 'bio', 'yN$XZ}pl|t,', 'student'),
(1399, 'Ansel', 'chem', 'vrezduI)', 'student'),
(1400, 'Alden', 'civil', '9-a!49LZmbDWUG', 'student'),
(1401, 'Arend', 'mech', 'Gfy.x4C79#>', 'student'),
(1402, 'Araluen', 'ee', 'CcBvOY|m{', 'student'),
(1403, 'Amin', 'chem', '9>@HE?eD', 'student'),
(1404, 'Atmajyoti', 'ee', 'G2+^P**lAh8', 'student'),
(1405, 'Anstice', 'cse', 'i-x,P{5KhvNG{5', 'student'),
(1406, 'Ajatashatru', 'physics', 'JpkfM&*[Dy+)f', 'student'),
(1407, 'Anshul', 'bio', ';~HA62q4t', 'student'),
(1408, 'Amiens', 'physics', 'IuzgI.6Tw-MW', 'student'),
(1409, 'Adlai', 'aero', '.H_(G(*iFz', 'student'),
(1410, 'Archie', 'physics', 'G0lJLm~d;N', 'student'),
(1411, 'Almon', 'chem', 'hJJt[Rw1<%', 'student'),
(1412, 'Akim', 'ee', ']I+oSZM*@wg', 'student'),
(1413, 'Ansel', 'bio', 'kR%Pa]u$n', 'student'),
(1414, 'Adelais', 'meta', '{[-%/Nv7WwE/', 'student'),
(1415, 'Adair', 'meta', 'PB[?0[Z2WE/', 'student'),
(1416, 'Axton', 'aero', '@],1E%IJWZBM_', 'student'),
(1417, 'Atherton', 'cse', '8NKK~lpr', 'student'),
(1418, 'Adrastos', 'cse', 'Z$`T7K[.', 'student'),
(1419, 'Ajit', 'cse', '0B/e@_)Z8W', 'student'),
(1420, 'Asim', 'chem', 'pg[htm}%-)Y', 'student'),
(1421, 'Aylwin', 'bio', 'V8#s{.qFN', 'student'),
(1422, 'Abercio', 'cse', 'NU^9Hd_{zc)<W', 'student'),
(1423, 'Acton', 'aero', 'P&sPOm#1f#&q', 'student'),
(1424, 'Amado', 'ee', 'Y|}4_Zw86', 'student'),
(1425, 'Amit', 'chem', 'jKi<zy]jM', 'student'),
(1426, 'Agosto', 'cse', 'e;]I4wP&}1$', 'student'),
(1427, 'Asim', 'civil', 'sG8~,zK$5=[', 'student'),
(1428, 'Arnie', 'aero', 'C7ZjXI>mdX&h', 'student'),
(1429, 'Aiken', 'ee', ',9lE*DY2', 'student'),
(1430, 'Ashraf', 'mech', 'lN;<E]~aXQ[o', 'student'),
(1431, 'Aksel', 'bio', '6ri[rMIg', 'student'),
(1432, 'Ainsley', 'chem', 'h{.35KyP+', 'student'),
(1433, 'Alroy', 'civil', 's1h[r$mL%sRwE', 'student'),
(1434, 'Abba', 'civil', '4E6FOzfMjeeM3L', 'instructor'),
(1435, 'Amherst', 'chem', 'UZvWVa3S5lNiX', 'instructor'),
(1436, 'Alfred', 'aero', 'mqE4AXmm5v', 'instructor'),
(1437, 'Ashwin', 'cse', 'l2u0vAhOtK9UL', 'instructor'),
(1438, 'Archard', 'ee', 'kzqThqmN1mw1oR', 'instructor'),
(1439, 'Arjun', 'aero', 'lk1OkWvMvfR', 'instructor'),
(1440, 'Anay', 'chem', 'bqmMRHyi2lGPkq', 'instructor'),
(1441, 'Alexander', 'civil', 'fYkr2qaYSNs', 'instructor'),
(1442, 'Aswad', 'bio', 'qdDaNLKtPkdC4', 'instructor'),
(1443, 'Amato', 'cse', 'vxB3znohdj', 'instructor'),
(1444, 'Abijah', 'cse', 's1v5faZ6BoX1j', 'instructor'),
(1445, 'Aaron', 'chem', 'MUQk5zJZgoBNN', 'instructor'),
(1446, 'Atilla', 'bio', 'kKQiOuPD7A', 'instructor'),
(1447, 'Ademaro', 'mech', '0oFBJoWNECENkO', 'instructor'),
(1448, 'Admon', 'physics', 'PpP0AkAHMAM', 'instructor'),
(1449, 'Adeben', 'bio', 'EHxG0JUbWwQ', 'instructor'),
(1450, 'Alwin', 'aero', 'do2QZ6d83Wn', 'instructor'),
(1451, 'Antoni', 'bio', 'TEYdurzVAU', 'instructor'),
(1452, 'Ashford', 'chem', 'KioxhfNeN', 'instructor'),
(1453, 'Ayer', 'aero', '9Y8JVrjbjE', 'instructor');
